,GlobalRank,TldRank,Domain,TLD,RefSubNets,RefIPs,IDN_Domain,IDN_TLD,PrevGlobalRank,PrevTldRank,PrevRefSubNets,PrevRefIPs,GlobalRank_percentile
6621,6622,3396,healthcareitnews.com,com,5673,8976,healthcareitnews.com,com,6663,3411,5671,8958,0
9796,9797,1136,ucsfhealth.org,org,4379,8494,ucsfhealth.org,org,9871,1146,4366,8461,0
4185,4186,2190,manutd.com,com,7563,13063,manutd.com,com,4190,2181,7570,13065,0
9649,9650,1118,eurasianet.org,org,4423,6777,eurasianet.org,org,9686,1124,4427,6776,0
5753,5754,2950,netapp.com,com,6212,8988,netapp.com,com,5747,2945,6241,9005,0
6778,6779,3475,staradvertiser.com,com,5594,9468,staradvertiser.com,com,6784,3481,5608,9487,0
7888,7889,4024,rosewoodhotels.com,com,5071,8197,rosewoodhotels.com,com,7884,4020,5084,8183,0
9888,9889,5050,puppet.com,com,4354,6217,puppet.com,com,9943,5072,4348,6204,0
8851,8852,1018,transportenvironment.org,org,4684,7161,transportenvironment.org,org,8842,1019,4705,7179,0
6026,6027,3080,thegamer.com,com,6030,12898,thegamer.com,com,6048,3094,6036,12889,0
10846,10847,5557,mojomarketplace.com,com,4104,6210,mojomarketplace.com,com,10812,5544,4121,6206,1
17787,17788,9112,gifs.com,com,2986,4752,gifs.com,com,17698,9078,3002,4718,1
17004,17005,1,goserver.host,host,3079,4675,goserver.host,host,16926,1,3097,4677,1
19763,19764,2285,pcusa.org,org,2783,3867,pcusa.org,org,19671,2277,2797,3862,1
12000,12001,6163,printful.com,com,3854,7102,printful.com,com,11912,6120,3883,7079,1
12619,12620,6462,softwaretestinghelp.com,com,3738,6358,softwaretestinghelp.com,com,12541,6414,3762,6346,1
18591,18592,592,metalinjection.net,net,2903,4162,metalinjection.net,net,18662,596,2901,4161,1
10117,10118,5165,tadalafilgf.com,com,4286,6188,tadalafilgf.com,com,10203,5216,4273,6168,1
16576,16577,8549,pearsoncmg.com,com,3134,4385,pearsoncmg.com,com,16501,8500,3150,4393,1
16388,16389,8445,ngrok.com,com,3157,4770,ngrok.com,com,16435,8469,3160,4752,1
21589,21590,11041,vindy.com,com,2616,3722,vindy.com,com,21767,11116,2609,3728,2
29794,29795,15180,traveldailymedia.com,com,2124,3118,traveldailymedia.com,com,29442,14984,2146,3137,2
25096,25097,12815,cltampa.com,com,2368,3515,cltampa.com,com,25135,12828,2371,3539,2
21886,21887,11183,softschools.com,com,2592,3681,softschools.com,com,22211,11354,2575,3660,2
29660,29661,15118,vrchat.com,com,2131,3275,vrchat.com,com,29623,15078,2137,3242,2
26794,26795,52,redbull.tv,tv,2270,3019,redbull.tv,tv,26403,52,2297,3009,2
26711,26712,13586,famoid.com,com,2274,4028,famoid.com,com,26954,13694,2265,3992,2
20586,20587,10553,abisource.com,com,2705,3367,abisource.com,com,20491,10502,2720,3379,2
25012,25013,34,ribbon.to,to,2373,4239,ribbon.to,to,24982,34,2380,4229,2
29784,29785,978,warp.net,net,2125,2892,warp.net,net,29719,972,2132,2891,2
33215,33216,16849,rossstores.com,com,1985,2943,rossstores.com,com,33211,16882,1992,2964,3
34768,34769,4044,hookuponline.org,org,1929,2423,hookuponline.org,org,39730,4072,1927,2425,3
37357,37358,19601,cnqinling.com,com,1882,12816,cnqinling.com,com,35457,18594,1955,12857,3
30195,30196,15365,hoophall.com,com,2104,3233,hoophall.com,com,30375,15455,2102,3226,3
30391,30392,15461,danielmiessler.com,com,2096,2793,danielmiessler.com,com,30284,15405,2106,2782,3
39399,39400,1226,forexmonitor.net,net,1867,2416,forexmonitor.net,net,51672,1232,1868,2425,3
32631,32632,16556,diydrones.com,com,2007,2494,diydrones.com,com,33232,16892,1992,2492,3
36970,36971,19274,cqziru.com,com,1886,13039,cqziru.com,com,34306,17659,1969,13079,3
38889,38890,20936,guyuemingzhu.com,com,1870,12689,guyuemingzhu.com,com,38885,21627,1931,12721,3
30103,30104,15322,8notes.com,com,2109,2684,8notes.com,com,30249,15387,2108,2666,3
47053,47054,28151,optimum.com,com,1832,3171,optimum.com,com,54140,34040,1845,3178,4
43255,43256,324,idealista.it,it,1848,3074,idealista.it,it,52671,321,1860,3062,4
44597,44598,93,pioneer-china.top,top,1842,12133,pioneer-china.top,top,49276,166,1883,12210,4
40546,40547,22370,runji100.com,com,1860,12785,runji100.com,com,40617,23181,1922,12842,4
41866,41867,23546,mishuketang.com,com,1854,12674,mishuketang.com,com,39830,22475,1926,12742,4
41248,41249,22999,czdhgdgs.com,com,1857,12583,czdhgdgs.com,com,42822,25165,1913,12619,4
41643,41644,23345,chengyijituan.com,com,1855,12682,chengyijituan.com,com,38561,21329,1933,12708,4
49015,49016,29831,hzbomiao.com,com,1823,12657,hzbomiao.com,com,48236,29867,1888,12724,4
47860,47861,28848,daguoshengshicn.com,com,1828,12778,daguoshengshicn.com,com,44308,26482,1906,12847,4
40442,40443,22281,thaitycoon.com,com,1861,12630,thaitycoon.com,com,39475,22153,1928,12695,4
52337,52338,32497,hanhongyuanyi.com,com,1806,12687,hanhongyuanyi.com,com,50938,32008,1872,12767,5
51186,51187,31615,tzlima.com,com,1813,12376,tzlima.com,com,50726,31863,1874,12426,5
53450,53451,33313,porcelanosa.com,com,1800,2273,porcelanosa.com,com,57286,35609,1806,2284,5
50165,50166,30804,shuotakeji.com,com,1818,12610,shuotakeji.com,com,43021,25344,1912,12691,5
58666,58667,36263,czby56.com,com,1747,12026,czby56.com,com,56720,35342,1813,12110,5
55394,55395,34588,habpdy.com,com,1784,12638,habpdy.com,com,51703,32557,1867,12695,5
53222,53223,33169,zuk7kgx6.com,com,1801,12583,zuk7kgx6.com,com,51446,32393,1869,12620,5
56759,56760,35319,7x7.com,com,1771,2519,7x7.com,com,59485,36729,1777,2519,5
59518,59519,36682,scottaaronson.com,com,1737,2216,scottaaronson.com,com,62293,38415,1748,2222,5
53458,53459,33317,czbjce.com,com,1799,12735,czbjce.com,com,53835,33865,1848,12769,5
65731,65732,40114,jiuyufood.com,com,1672,11415,jiuyufood.com,com,64153,39594,1734,11417,6
60488,60489,37167,electricitymaps.com,com,1724,2266,electricitymaps.com,com,52684,33183,1860,2464,6
69691,69692,42450,tianyuanziben.com,com,1652,11426,tianyuanziben.com,com,68468,42283,1713,11427,6
67825,67826,41302,qp8558.com,com,1660,11629,qp8558.com,com,63496,39172,1738,11679,6
66047,66048,40290,pureyuu.com,com,1670,11611,pureyuu.com,com,63965,39466,1735,11683,6
61277,61278,37560,atlanticrecords.com,com,1714,2298,atlanticrecords.com,com,64566,39825,1732,2288,6
68017,68018,41410,hblygdkj.com,com,1659,11701,hblygdkj.com,com,66974,41321,1719,11740,6
64363,64364,5002,commonwealthbeacon.org,org,1682,2382,commonwealthbeacon.org,org,75282,4984,1692,2388,6
60398,60399,37122,metra.com,com,1725,2377,metra.com,com,101060,62583,1598,2189,6
68232,68233,41546,51sysx.com,com,1658,11631,51sysx.com,com,64413,39734,1732,11684,6
71099,71100,43322,tcpz77.com,com,1647,11337,tcpz77.com,com,71678,44381,1702,11351,7
78362,78363,47998,chrisguillebeau.com,com,1626,2264,chrisguillebeau.com,com,94901,60127,1633,2260,7
78820,78821,48310,haolala688.com,com,1624,11465,haolala688.com,com,76072,47341,1689,11499,7
76332,76333,46686,yygzbearing.com,com,1631,11356,yygzbearing.com,com,78042,48786,1684,11377,7
74064,74065,45163,microids.com,com,1638,2129,microids.com,com,91975,58432,1645,2143,7
72454,72455,44121,feimaohaitao.com,com,1642,11696,feimaohaitao.com,com,64403,39726,1732,11789,7
70930,70931,43175,free-power-point-templates.com,com,1648,2223,free-power-point-templates.com,com,93754,59482,1638,2223,7
70793,70794,43132,shandui168.com,com,1648,11370,shandui168.com,com,66385,40967,1722,11438,7
76167,76168,46539,orbea.com,com,1632,2084,orbea.com,com,94238,59759,1636,2079,7
79658,79659,48895,hzdaoxin.com,com,1622,11455,hzdaoxin.com,com,72909,45156,1698,11512,7
89286,89287,55822,zhouyechina.com,com,1598,11384,zhouyechina.com,com,84933,53630,1666,11414,8
84603,84604,52467,dcyongda.com,com,1610,11372,dcyongda.com,com,82321,51843,1673,11389,8
88744,88745,55450,legendbelt.com,com,1600,10932,legendbelt.com,com,85519,54075,1665,10962,8
84230,84231,52217,gnujtz.com,com,1611,11316,gnujtz.com,com,82740,52144,1672,11353,8
83700,83701,51812,youtingtech.com,com,1612,11427,youtingtech.com,com,77563,48413,1685,11453,8
82054,82055,50630,hehuatuan.com,com,1616,11462,hehuatuan.com,com,77218,48165,1686,11438,8
88898,88899,55526,xrmcxt.com,com,1599,11441,xrmcxt.com,com,88684,56275,1655,11491,8
89245,89246,55783,szjzsgs.com,com,1598,11471,szjzsgs.com,com,85252,53839,1665,11462,8
85403,85404,53030,qagjlc.com,com,1608,11418,qagjlc.com,com,88373,56049,1656,11470,8
84193,84194,52180,7shc.com,com,1611,11349,7shc.com,com,79628,49924,1680,11352,8
92703,92704,342,zeplin.io,io,1589,2161,zeplin.io,io,101063,338,1598,2157,9
97086,97087,60931,planoly.com,com,1574,2315,planoly.com,com,105212,63680,1570,2316,9
92398,92399,57933,sdshidu.com,com,1589,11440,sdshidu.com,com,90267,57333,1650,11442,9
99859,99860,62370,speakingsame.com,com,1562,2049,speakingsame.com,com,106067,63916,1564,2045,9
97379,97380,61102,qianmkj.com,com,1572,11313,qianmkj.com,com,92041,58491,1644,11334,9
93159,93160,58495,mdjcloud.com,com,1587,11288,mdjcloud.com,com,93109,59132,1640,11300,9
96100,96101,60349,51xiepei.com,com,1577,11382,51xiepei.com,com,91163,57913,1647,11398,9
98394,98395,61668,jingchuandq.com,com,1568,11090,jingchuandq.com,com,94317,59820,1635,11127,9
91211,91212,57157,xazlbsm.com,com,1593,11092,xazlbsm.com,com,86902,55065,1661,11140,9
91415,91416,57262,yinhemeizhuang.com,com,1592,11363,yinhemeizhuang.com,com,91176,57926,1647,11367,9
108783,108784,5849,usgennet.org,org,1509,1864,usgennet.org,org,113465,5893,1505,1856,10
104230,104231,63942,visitmyrtlebeach.com,com,1538,2433,visitmyrtlebeach.com,com,107516,64316,1553,2449,10
108313,108314,65090,conwaydailysun.com,com,1512,1972,conwaydailysun.com,com,112665,66061,1512,1973,10
103548,103549,63723,paramountmovies.com,com,1542,2154,paramountmovies.com,com,82573,51992,1673,2341,10
104932,104933,64179,bjyuanta.com,com,1533,11151,bjyuanta.com,com,98909,61901,1611,11207,10
106801,106802,19,lutsk.one,one,1522,1872,lutsk.one,one,110041,16,1534,1868,10
109856,109857,65518,gdhengwen.com,com,1501,9898,gdhengwen.com,com,106525,64048,1560,9924,10
109058,109059,5857,columbiasurgery.org,org,1507,2115,columbiasurgery.org,org,114288,5952,1497,2111,10
109809,109810,65505,siliconbeat.com,com,1502,1914,siliconbeat.com,com,115017,67041,1490,1880,10
100493,100494,5589,kivy.org,org,1559,1956,kivy.org,org,105812,5572,1566,1951,10
116308,116309,821,zthealth.top,top,1453,8136,zthealth.top,top,115189,818,1488,8185,11
118134,118135,68522,swamedia.com,com,1437,2412,swamedia.com,com,116961,67782,1471,2451,11
114705,114706,67099,mrelectric.com,com,1466,2006,mrelectric.com,com,118572,68333,1458,1985,11
118417,118418,68639,legiit.com,com,1435,1910,legiit.com,com,121757,69219,1437,1904,11
112031,112032,66170,wagamama.com,com,1486,2018,wagamama.com,com,117811,68073,1464,2016,11
114708,114709,6130,arttherapy.org,org,1466,1997,arttherapy.org,org,114894,5999,1491,2018,11
118676,118677,68763,pyhbll.com,com,1432,9208,pyhbll.com,com,112341,65944,1514,9249,11
118656,118657,68750,asianscientist.com,com,1433,1781,asianscientist.com,com,118880,68426,1456,1798,11
114483,114484,6,dokumen.pub,pub,1468,1833,dokumen.pub,pub,118723,8,1457,1836,11
118564,118565,6340,sane-project.org,org,1434,1642,sane-project.org,org,122313,6378,1434,1640,11
122057,122058,69889,usaonlineclassifieds.com,com,1407,2095,usaonlineclassifieds.com,com,127879,70671,1401,2094,12
121353,121354,69692,avatarmovie.com,com,1412,1695,avatarmovie.com,com,127362,70558,1404,1699,12
121801,121802,69829,fmglobal.com,com,1409,1750,fmglobal.com,com,121782,69233,1437,1766,12
129257,129258,30,bearblog.dev,dev,1366,1670,bearblog.dev,dev,131242,30,1382,1679,12
127610,127611,71355,nwselfedu.com,com,1374,8214,nwselfedu.com,com,123289,69598,1427,8217,12
127567,127568,71335,top100golfcourses.com,com,1375,1755,top100golfcourses.com,com,132149,71725,1377,1732,12
127243,127244,71262,awkwardzombie.com,com,1377,1641,awkwardzombie.com,com,130726,71366,1385,1644,12
126884,126885,71170,conexpoconagg.com,com,1379,1657,conexpoconagg.com,com,136138,72778,1356,1623,12
120622,120623,69462,wralsportsfan.com,com,1417,1899,wralsportsfan.com,com,123244,69576,1428,1887,12
127885,127886,71405,projectbritain.com,com,1373,2743,projectbritain.com,com,132106,71712,1377,2733,12
131130,131131,72219,shendun520.com,com,1356,1547,shendun520.com,com,137137,73072,1350,1552,13
133263,133264,72733,nenzhu.com,com,1345,1534,nenzhu.com,com,139054,73661,1338,1536,13
139625,139626,74396,visitcos.com,com,1313,1883,visitcos.com,com,140521,74191,1327,1894,13
134503,134504,73037,ecosunlighting.com,com,1339,1531,ecosunlighting.com,com,140042,74027,1331,1534,13
139089,139090,7217,opencontainers.org,org,1316,1627,opencontainers.org,org,142368,7269,1313,1620,13
131906,131907,72379,dutychina.com,com,1352,1557,dutychina.com,com,137961,73310,1345,1561,13
133817,133818,2123,chartsinfrance.net,net,1342,1763,chartsinfrance.net,net,137914,2119,1345,1771,13
134644,134645,73054,mykoreankitchen.com,com,1338,3420,mykoreankitchen.com,com,143051,75252,1307,3381,13
131885,131886,72373,sociablekit.com,com,1352,1688,sociablekit.com,com,135390,72581,1360,1689,13
131700,131701,852,med-info-pharm365.top,top,1353,1686,med-info-pharm365.top,top,138750,867,1340,1668,13
144525,144526,76137,giga2025.com,com,1283,1603,giga2025.com,com,146520,76717,1280,1596,14
146570,146571,473,peanut-app.io,io,1267,2064,peanut-app.io,io,146475,463,1280,2070,14
149741,149742,2438,ausairpower.net,net,1244,1543,ausairpower.net,net,148635,2375,1265,1593,14
145573,145574,76572,baltimorepostexaminer.com,com,1275,1675,baltimorepostexaminer.com,com,144083,75693,1299,1679,14
148541,148542,2418,shanghaimuseum.net,net,1253,1417,shanghaimuseum.net,net,150750,2420,1251,1410,14
147568,147569,7699,isca-speech.org,org,1260,1476,isca-speech.org,org,149121,7716,1262,1485,14
142301,142302,75296,newzcrawler.com,com,1298,1485,newzcrawler.com,com,143145,75297,1307,1496,14
144189,144190,75997,yoshinoya.com,com,1285,2264,yoshinoya.com,com,142321,74935,1313,2277,14
148636,148637,77861,zagmir.com,com,1252,1577,zagmir.com,com,150401,78054,1253,1575,14
141998,141999,75180,jlyjx.com,com,1300,1478,jlyjx.com,com,144377,75819,1297,1485,14
154255,154256,79934,anvanshop.com,com,1215,1407,anvanshop.com,com,155861,80156,1216,1413,15
156996,156997,80915,wingingmodel.com,com,1198,1348,wingingmodel.com,com,159704,81876,1185,1346,15
150698,150699,78688,facetuneapp.com,com,1237,1716,facetuneapp.com,com,151975,78615,1243,1707,15
154555,154556,80028,warn.com,com,1213,1475,warn.com,com,154626,79656,1225,1474,15
158924,158925,76,allmon.biz,biz,1184,1513,allmon.biz,biz,159274,74,1188,1509,15
156169,156170,8228,warholfoundation.org,org,1203,1482,warholfoundation.org,org,156873,8219,1208,1513,15
159631,159632,81946,bowers-wilkins.com,com,1179,1457,bowers-wilkins.com,com,158941,81540,1191,1454,15
158374,158375,81417,schibsted.com,com,1188,1514,schibsted.com,com,159506,81802,1186,1523,15
154881,154882,80146,simul-china.com,com,1211,1365,simul-china.com,com,157165,80709,1206,1370,15
151541,151542,79015,defencetalk.com,com,1232,1506,defencetalk.com,com,151709,78529,1245,1537,15
165223,165224,84536,baccaratevents.com,com,1137,1283,baccaratevents.com,com,167745,85585,1128,1283,16
163982,163983,83963,askwoody.com,com,1146,1436,askwoody.com,com,165771,84702,1140,1439,16
167746,167747,85734,generationiron.com,com,1118,1548,generationiron.com,com,169115,86117,1119,1538,16
165691,165692,84755,bettafish.com,com,1133,1769,bettafish.com,com,167627,85528,1128,1780,16
166281,166282,9066,franceintheus.org,org,1129,1412,franceintheus.org,org,167207,9064,1131,1414,16
168530,168531,86083,firstvet.com,com,1113,1623,firstvet.com,com,171440,87069,1105,1622,16
167512,167513,393,peru.info,info,1120,1384,peru.info,info,170553,399,1111,1363,16
169740,169741,86648,oilpatchsurplus.com,com,1106,1302,oilpatchsurplus.com,com,172074,87352,1102,1310,16
169925,169926,86726,interop.com,com,1105,1274,interop.com,com,173701,88011,1093,1267,16
167117,167118,85462,saipem.com,com,1123,1355,saipem.com,com,169185,86149,1119,1350,16
179936,179937,90894,igv.com,com,1048,1604,igv.com,com,181131,91211,1049,1599,17
179952,179953,90903,biakelsey.com,com,1048,1441,biakelsey.com,com,182885,91946,1039,1435,17
173343,173344,88242,daodiyongshoutang.com,com,1084,5432,daodiyongshoutang.com,com,170040,86514,1113,5457,17
172723,172724,762,alitalia.it,it,1088,1408,alitalia.it,it,172947,752,1097,1412,17
178779,178780,90418,lifesspace.com,com,1055,1238,lifesspace.com,com,178351,90001,1066,1240,17
179493,179494,10039,ecmascript.org,org,1051,1268,ecmascript.org,org,181231,10100,1049,1259,17
173956,173957,88464,stcroixblades.com,com,1081,1454,stcroixblades.com,com,174116,88174,1090,1467,17
177427,177428,89871,thehandbook.com,com,1062,1371,thehandbook.com,com,180665,90990,1052,1372,17
177282,177283,89813,amainhobbies.com,com,1063,1298,amainhobbies.com,com,177300,89556,1072,1303,17
173957,173958,88465,scholieren.com,com,1081,1444,scholieren.com,com,177767,89742,1069,1429,17
186148,186149,10519,uhrp.org,org,1014,1296,uhrp.org,org,188387,10654,1006,1297,18
189816,189817,95239,lenox.com,com,994,1276,lenox.com,com,190851,95627,991,1267,18
187806,187807,651,cilium.io,io,1005,1250,cilium.io,io,186755,641,1016,1243,18
185078,185079,93090,indeonline.com,com,1020,1297,indeonline.com,com,184050,92456,1032,1322,18
181513,181514,10191,siouxfalls.org,org,1040,1309,siouxfalls.org,org,179988,10012,1056,1322,18
186399,186400,93678,adscientificindex.com,com,1013,1134,adscientificindex.com,com,188491,94509,1006,1125,18
183567,183568,92455,abetterlemonadestand.com,com,1028,1341,abetterlemonadestand.com,com,185716,93221,1022,1342,18
180242,180243,91034,zgsywh.com,com,1047,1164,zgsywh.com,com,181780,91494,1046,1168,18
183179,183180,453,gudauri.info,info,1030,1443,gudauri.info,info,182721,449,1040,1462,18
183181,183182,92285,dora-world.com,com,1030,1430,dora-world.com,com,182725,91882,1040,1438,18
192948,192949,96695,crownroyal.com,com,976,1395,crownroyal.com,com,193186,96756,977,1400,19
199604,199605,99884,globalnerdy.com,com,939,1122,globalnerdy.com,com,198850,99484,945,1139,19
193234,193235,96821,startcyclingteam.com,com,975,1176,startcyclingteam.com,com,193294,96806,977,1176,19
193688,193689,97018,workzone.com,com,972,1288,workzone.com,com,195510,97895,964,1272,19
198790,198791,99476,cloudprima.com,com,943,1198,cloudprima.com,com,196765,98517,957,1207,19
198004,198005,99092,liteonamericas.com,com,948,1060,liteonamericas.com,com,199090,99595,944,1055,19
193548,193549,96957,zxpgw.com,com,973,1240,zxpgw.com,com,193784,97038,974,1239,19
192251,192252,1,multicoin.capital,capital,980,1268,multicoin.capital,capital,190674,1,992,1255,19
199602,199603,3833,agenace333.net,net,939,1123,agenace333.net,net,200191,3851,938,1121,19
196392,196393,11398,serestofleacollars.org,org,957,1186,serestofleacollars.org,org,194525,11213,970,1192,19
202435,202436,11925,barrowneuro.org,org,924,1233,barrowneuro.org,org,197758,11523,951,1264,20
204178,204179,102077,petakillsanimals.com,com,916,1049,petakillsanimals.com,com,204389,102130,917,1054,20
202321,202322,101179,gocollect.com,com,925,1127,gocollect.com,com,198836,99475,945,1152,20
205706,205707,102800,themefurnace.com,com,908,1136,themefurnace.com,com,203724,101807,920,1145,20
203715,203716,101843,lytx.com,com,918,1130,lytx.com,com,204932,102390,914,1127,20
207105,207106,12381,picua.org,org,901,1508,picua.org,org,208391,12502,897,1507,20
200175,200176,100148,truth11.com,com,936,1097,truth11.com,com,203572,101731,921,1084,20
202617,202618,101323,lavenderandlovage.com,com,923,2666,lavenderandlovage.com,com,203002,101467,923,2655,20
209272,209273,104537,livefyre.com,com,891,1112,livefyre.com,com,208266,103964,898,1116,20
205629,205630,102770,mystays.com,com,908,1281,mystays.com,com,207541,103626,901,1279,20
211404,211405,105535,vaytienuytin24h.com,com,882,1024,vaytienuytin24h.com,com,211762,105632,882,1022,21
213307,213308,12954,legalaffairs.org,org,873,1072,legalaffairs.org,org,211948,12828,881,1062,21
219274,219275,13524,iaabc.org,org,847,1129,iaabc.org,org,221760,13755,839,1107,21
210343,210344,105021,taxpayer.com,com,886,1160,taxpayer.com,com,207798,103735,900,1169,21
219342,219343,269,oncreativity.tv,tv,847,1041,oncreativity.tv,tv,219030,268,850,1062,21
215284,215285,129,buyerseller.xyz,xyz,864,1095,buyerseller.xyz,xyz,214319,121,870,1090,21
217775,217776,108511,croda.com,com,854,966,croda.com,com,220402,109688,845,962,21
218569,218570,108870,nystateofpolitics.com,com,850,1091,nystateofpolitics.com,com,218306,108699,853,1097,21
214791,214792,107127,cirkwi.com,com,866,1226,cirkwi.com,com,210099,104840,889,1248,21
211307,211308,12768,wortfm.org,org,882,1089,wortfm.org,org,211270,12758,884,1090,21
220664,220665,13669,secdev.org,org,842,945,secdev.org,org,222934,13875,835,938,22
228348,228349,14352,kaie.org,org,812,983,kaie.org,org,230146,14481,808,981,22
224060,224061,111439,winudf.com,com,828,1105,winudf.com,com,221493,110242,840,1120,22
221427,221428,4587,668yo.net,net,839,907,668yo.net,net,223728,4656,832,908,22
228247,228248,113445,thecog.com,com,812,1066,thecog.com,com,231434,114824,803,1060,22
224789,224790,14058,nde-ed.org,org,825,1065,nde-ed.org,org,225162,14069,826,1063,22
221609,221610,110294,bethelin.com,com,838,990,bethelin.com,com,223670,111251,832,984,22
222163,222164,285,lleo.me,me,836,954,lleo.me,me,224786,285,828,944,22
224583,224584,111698,zb.com,com,826,1021,zb.com,com,223377,111101,833,1015,22
222790,222791,110830,digital-evil.com,com,833,1051,digital-evil.com,com,220294,109629,845,1052,22
235630,235631,116882,tonicgreens-try.com,com,786,1046,tonicgreens-try.com,com,239356,118450,776,1030,23
237749,237750,322,cryptopay.me,me,779,1032,cryptopay.me,me,236320,314,786,1034,23
234836,234837,116515,eclipsegrooming.com,com,789,976,eclipsegrooming.com,com,245592,121314,756,933,23
233969,233970,116113,auonlineslots.com,com,792,971,auonlineslots.com,com,235565,116682,789,955,23
230255,230256,114384,techbehemoths.com,com,805,999,techbehemoths.com,com,230701,114478,806,997,23
238506,238507,118217,ivermectinus.com,com,777,901,ivermectinus.com,com,240157,118834,774,904,23
232091,232092,115246,gshopper.com,com,798,1178,gshopper.com,com,235726,116763,788,1142,23
239141,239142,118502,trendradars.com,com,775,898,trendradars.com,com,236522,117138,786,909,23
239070,239071,5177,displaycal.net,net,775,927,displaycal.net,net,240424,5201,773,920,23
233283,233284,115789,xlirdr.com,com,794,1296,xlirdr.com,com,235439,116618,789,1284,23
244191,244192,120812,cdmofan.com,com,758,2804,cdmofan.com,com,240526,119010,772,2844,24
242008,242009,119818,midwestgunworks.com,com,766,850,midwestgunworks.com,com,248984,122869,746,836,24
241459,241460,119569,payrexx.com,com,767,1080,payrexx.com,com,242931,120102,764,1086,24
249255,249256,23,anna.aero,aero,743,917,anna.aero,aero,250706,23,740,916,24
240484,240485,119133,waalaxy.com,com,770,1049,waalaxy.com,com,244830,120955,758,1032,24
242113,242114,119858,currencycloud.com,com,765,980,currencycloud.com,com,229219,113783,811,1025,24
245919,245920,1036,alligator.io,io,753,932,alligator.io,io,245637,1026,756,913,24
242053,242054,703,brightland.co,co,765,1615,brightland.co,co,246446,719,753,1612,24
248015,248016,122543,clubandresortbusiness.com,com,747,872,clubandresortbusiness.com,com,254479,125551,729,857,24
240657,240658,757,steelconstruction.info,info,770,909,steelconstruction.info,info,244993,776,758,908,24
256742,256743,16798,securityforum.org,org,721,847,securityforum.org,org,253491,16505,732,852,25
254153,254154,125438,vocento.com,com,728,1123,vocento.com,com,245799,121411,755,1139,25
256603,256604,5791,gay-live-chat.net,net,721,906,gay-live-chat.net,net,253014,5658,733,915,25
257723,257724,127132,fusioncbdproducts.com,com,718,863,fusioncbdproducts.com,com,258543,127460,717,862,25
252941,252942,124842,lnt.com,com,732,864,lnt.com,com,254134,125377,730,871,25
253462,253463,125106,healthyhomecleaning.com,com,730,2725,healthyhomecleaning.com,com,258007,127204,718,2699,25
252536,252537,124648,fanfire.com,com,733,894,fanfire.com,com,255016,125811,727,901,25
255642,255643,16694,shea-online.org,org,724,879,shea-online.org,org,250123,16208,742,908,25
253034,253035,124885,julieoberoi.com,com,732,819,julieoberoi.com,com,251840,124237,737,813,25
253597,253598,125175,generalist.com,com,730,896,generalist.com,com,245922,121466,755,921,25
267026,267027,131667,plasticlogic.com,com,692,790,plasticlogic.com,com,265962,131147,696,800,26
267578,267579,6194,michaelmann.net,net,690,864,michaelmann.net,net,263999,6048,701,860,26
263701,263702,130021,f15ijp.com,com,701,830,f15ijp.com,com,263416,129905,703,817,26
263937,263938,130144,tripactions.com,com,700,886,tripactions.com,com,263932,130153,701,897,26
269694,269695,132953,cslplasma.com,com,684,1016,cslplasma.com,com,269599,132944,685,1023,26
261199,261200,17220,nafcc.org,org,708,851,nafcc.org,org,267613,17765,691,860,26
261201,261202,128796,meadowood.com,com,708,849,meadowood.com,com,264787,130568,699,841,26
261502,261503,128941,annamiernik.com,com,707,874,annamiernik.com,com,261204,128813,709,878,26
263009,263010,17373,americanassembly.org,org,703,827,americanassembly.org,org,263391,17405,703,827,26
269311,269312,17935,blueberrycouncil.org,org,685,982,blueberrycouncil.org,org,273663,18349,674,978,26
272237,272238,134182,freshsheetmusic.com,com,678,795,freshsheetmusic.com,com,272063,134135,679,793,27
279112,279113,137527,thedrakehotel.com,com,660,808,thedrakehotel.com,com,280585,138199,657,793,27
274839,274840,876,consulado.gov.co,co,671,808,consulado.gov.co,co,276951,887,666,814,27
275844,275845,135918,cool-directory.com,com,668,874,cool-directory.com,com,278027,136962,663,873,27
270410,270411,133309,1wjan.com,com,682,1460,1wjan.com,com,241425,119419,769,1530,27
274638,274639,227,lequ052.xyz,xyz,671,2764,lequ052.xyz,xyz,275584,224,669,2741,27
276838,276839,18680,vaclib.org,org,666,777,vaclib.org,org,275107,18500,671,773,27
270006,270007,376,testecs.me,me,684,765,testecs.me,me,271011,376,682,766,27
270820,270821,133508,chiangmai-chiangrai.com,com,681,955,chiangmai-chiangrai.com,com,271496,133862,680,942,27
279283,279284,137603,eurotherm.com,com,660,760,eurotherm.com,com,270189,133218,684,799,27
284702,284703,19402,datingmentoring.org,org,647,736,datingmentoring.org,org,287078,19665,642,728,28
287561,287562,141575,dancingsantacard.com,com,640,753,dancingsantacard.com,com,291727,143538,631,748,28
282825,282826,139308,claycountyms.com,com,651,798,claycountyms.com,com,276156,136044,668,812,28
284192,284193,19345,aesc.org,org,648,759,aesc.org,org,288720,19840,638,740,28
284985,284986,140321,bwxt.com,com,646,771,bwxt.com,com,283564,139632,650,778,28
285657,285658,140639,1stsource.com,com,644,816,1stsource.com,com,282582,139166,652,819,28
283134,283135,139459,portmesse.com,com,650,848,portmesse.com,com,280436,138126,657,854,28
284368,284369,19361,arlboston.org,org,647,869,arlboston.org,org,278406,18792,662,873,28
288948,288949,142239,eventrebels.com,com,637,721,eventrebels.com,com,296502,145806,621,714,28
280942,280943,19014,euramet.org,org,656,738,euramet.org,org,282842,19237,652,737,28
291983,291984,143693,amtshows.com,com,630,740,amtshows.com,com,290863,143105,633,744,29
295797,295798,145524,wolkonsky.com,com,622,699,wolkonsky.com,com,297040,146070,620,691,29
294927,294928,20420,regionalstudies.org,org,624,699,regionalstudies.org,org,289711,19931,636,695,29
298037,298038,20727,americacashadvance.org,org,617,725,americacashadvance.org,org,299274,20849,615,724,29
298545,298546,20775,jigsaw.org,org,616,717,jigsaw.org,org,307079,21622,599,721,29
297217,297218,146205,zhijiqing.com,com,619,690,zhijiqing.com,com,296094,145604,622,692,29
294554,294555,144920,onecountry.com,com,624,808,onecountry.com,com,296211,145659,621,811,29
298522,298523,146799,inreachce.com,com,616,720,inreachce.com,com,296953,146028,620,719,29
298496,298497,146786,webecoist.com,com,616,727,webecoist.com,com,302140,148457,609,717,29
291355,291356,7013,sexy-photos.net,net,631,790,sexy-photos.net,net,286389,6826,643,806,29
301593,301594,21094,mangatoto.org,org,609,1089,mangatoto.org,org,300449,20958,612,1089,30
303796,303797,149299,pogotowienaukowe.com,com,605,732,pogotowienaukowe.com,com,303083,148907,607,726,30
308774,308775,151709,businessified.com,com,595,718,businessified.com,com,312907,153653,588,715,30
308763,308764,151701,blogpspot.com,com,595,720,blogpspot.com,com,308550,151523,596,716,30
308495,308496,133,odnoklassniki-film.store,store,596,667,odnoklassniki-film.store,store,312650,133,589,657,30
308062,308063,151363,pestpointers.com,com,596,1168,pestpointers.com,com,313265,153834,587,1149,30
300939,300940,147958,dubaidutyfree.com,com,611,710,dubaidutyfree.com,com,300795,147814,612,701,30
302772,302773,148811,solicitorsjournal.com,com,607,747,solicitorsjournal.com,com,297255,146166,619,755,30
305261,305262,149996,hybecorp.com,com,602,731,hybecorp.com,com,300609,147720,612,750,30
300744,300745,147865,traumaprevention.com,com,611,768,traumaprevention.com,com,299615,147265,614,757,30
315124,315125,154751,ablic.com,com,584,647,ablic.com,com,312086,153259,590,651,31
315846,315847,155108,globaldatinginsights.com,com,582,720,globaldatinginsights.com,com,325763,159894,565,723,31
313978,313979,154183,simpsonraceproducts.com,com,586,646,simpsonraceproducts.com,com,314866,154593,585,637,31
319203,319204,156764,bernsteinresearch.com,com,576,736,bernsteinresearch.com,com,308946,151732,595,765,31
319700,319701,156991,bistropastis.com,com,575,804,bistropastis.com,com,323417,158779,569,839,31
318757,318758,156532,piaggiofastforward.com,com,577,697,piaggiofastforward.com,com,316228,155235,582,700,31
315605,315606,154987,funenglishgames.com,com,583,655,funenglishgames.com,com,317619,155900,580,659,31
314026,314027,154211,mynameissnickerdoodle.com,com,585,1492,mynameissnickerdoodle.com,com,319390,156795,576,1459,31
316660,316661,155520,feyenoord.com,com,581,669,feyenoord.com,com,322071,158111,572,663,31
319651,319652,156972,zjdifei.com,com,575,1718,zjdifei.com,com,312122,153283,589,1741,31
327980,327981,161026,noslang.com,com,561,683,noslang.com,com,323638,158874,569,682,32
321290,321291,157755,tvworldwide.com,com,573,645,tvworldwide.com,com,323909,158992,569,634,32
323230,323231,1551,rawg.io,io,569,750,rawg.io,io,326326,1567,564,740,32
321134,321135,157674,naturesphoenixcbd.com,com,573,675,naturesphoenixcbd.com,com,323727,158908,569,671,32
321420,321421,157823,skinsafeproducts.com,com,572,781,skinsafeproducts.com,com,321760,157968,572,764,32
329056,329057,161538,akasotech.com,com,559,716,akasotech.com,com,330503,162208,557,703,32
328983,328984,161507,rubycup.com,com,559,817,rubycup.com,com,330411,162162,557,812,32
326190,326191,160156,buy-sell-invest-with-the-best.com,com,564,693,buy-sell-invest-with-the-best.com,com,327628,160809,562,686,32
325019,325020,159584,bauerfinancial.com,com,566,703,bauerfinancial.com,com,328726,161323,560,700,32
326406,326407,160259,suhstroi.com,com,564,661,suhstroi.com,com,333762,163799,552,650,32
339259,339260,166450,flagshippioneering.com,com,543,651,flagshippioneering.com,com,340064,166864,542,647,33
334264,334265,24214,sewing.org,org,551,645,sewing.org,org,331953,24009,555,653,33
339007,339008,166343,guidatorino.com,com,543,902,guidatorino.com,com,345823,169633,533,902,33
334145,334146,164009,kreiselelectric.com,com,551,662,kreiselelectric.com,com,326521,160282,564,675,33
337447,337448,165585,vintagetub.com,com,546,641,vintagetub.com,com,338188,165936,545,647,33
338557,338558,166103,drprice.com,com,544,663,drprice.com,com,339427,166534,543,648,33
330785,330786,162408,cssmenumaker.com,com,557,613,cssmenumaker.com,com,334584,164212,551,610,33
337278,337279,11,euvou.events,events,546,666,euvou.events,events,336075,11,548,667,33
332808,332809,163397,redwoodartgroup.com,com,553,680,redwoodartgroup.com,com,304397,149571,604,773,33
331993,331994,163009,pinkpeppermintdesign.com,com,554,2153,pinkpeppermintdesign.com,com,330980,162445,556,2155,33
347438,347439,170413,kwc.com,com,531,612,kwc.com,com,348253,170801,530,613,34
344914,344915,169164,relisoft.com,com,535,604,relisoft.com,com,347025,170211,532,600,34
345480,345481,169433,bookmarkingpage.com,com,534,613,bookmarkingpage.com,com,343705,168605,537,613,34
342925,342926,81,muenchen.social,social,538,589,muenchen.social,social,337809,82,546,602,34
348131,348132,170744,quetiquel.com,com,530,604,quetiquel.com,com,349019,171188,529,604,34
340774,340775,167155,arquine.com,com,541,618,arquine.com,com,339689,166668,543,611,34
340250,340251,166926,peigenesis.com,com,542,601,peigenesis.com,com,333966,163905,552,611,34
347025,347026,170209,bivvy.com,com,531,707,bivvy.com,com,354232,173760,521,677,34
341682,341683,8931,mpex.net,net,539,702,mpex.net,net,341899,8928,539,703,34
346349,346350,169872,aizukanko.com,com,532,791,aizukanko.com,com,354898,174116,520,777,34
357185,357186,175183,tempus-machina.com,com,517,613,tempus-machina.com,com,355239,174268,520,615,35
352577,352578,25877,sealifetrust.org,org,523,655,sealifetrust.org,org,342673,24986,538,661,35
350465,350466,25673,nvtc.org,org,526,672,nvtc.org,org,336704,24431,547,675,35
357295,357296,175243,maison-facile.com,com,517,601,maison-facile.com,com,358245,175723,516,601,35
356471,356472,174856,splento.com,com,518,607,splento.com,com,356020,174637,519,606,35
355946,355947,174613,androinica.com,com,519,579,androinica.com,com,364447,178746,508,570,35
351192,351193,172253,espacemanager.com,com,525,654,espacemanager.com,com,355819,174551,519,635,35
356776,356777,175008,quwan.com,com,518,563,quwan.com,com,357016,175137,518,563,35
353321,353322,173331,jnkym.com,com,522,645,jnkym.com,com,352840,173065,523,646,35
355624,355625,174451,rennfest.com,com,519,620,rennfest.com,com,358120,175651,516,615,35
362074,362075,2379,radiobruno.it,it,510,836,radiobruno.it,it,370795,2444,499,831,36
364214,364215,178641,bsquare.com,com,508,571,bsquare.com,com,372189,182444,498,560,36
364210,364211,26,hot.company,company,508,572,hot.company,company,372141,30,498,566,36
364987,364988,179026,acheterbonmarche.com,com,507,565,acheterbonmarche.com,com,367561,180220,504,562,36
362429,362430,177757,rockstarnorth.com,com,510,603,rockstarnorth.com,com,362601,177850,510,613,36
362962,362963,178029,activelylearn.com,com,509,630,activelylearn.com,com,348088,170706,530,633,36
362513,362514,177800,hippy.com,com,510,593,hippy.com,com,361231,177168,512,593,36
362423,362424,177751,barleyjuice.com,com,510,603,barleyjuice.com,com,364195,178619,508,601,36
362436,362437,177760,willbell.com,com,510,602,willbell.com,com,360393,176766,513,605,36
360843,360844,176979,infostradasports.com,com,512,616,infostradasports.com,com,358077,175633,516,621,36
371286,371287,182053,bradfordtaxinstitute.com,com,498,708,bradfordtaxinstitute.com,com,371620,182178,498,715,37
377522,377523,606,12seconds.tv,tv,491,551,12seconds.tv,tv,379572,611,489,548,37
370829,370830,181810,emploisdz.com,com,499,588,emploisdz.com,com,367399,180149,504,584,37
374760,374761,183706,al-shorfa.com,com,494,588,al-shorfa.com,com,389468,190710,477,581,37
371250,371251,182033,turkhacks.com,com,498,1083,turkhacks.com,com,372365,182533,497,1070,37
374275,374276,183486,magnusonhotels.com,com,495,555,magnusonhotels.com,com,375496,184042,494,556,37
375980,375981,184327,davidmacbride.com,com,493,535,davidmacbride.com,com,378033,185275,491,533,37
379909,379910,28422,kandalaksha.org,org,488,558,kandalaksha.org,org,378523,28266,490,575,37
379574,379575,186032,car-buying-strategies.com,com,488,592,car-buying-strategies.com,com,380053,186224,488,584,37
373354,373355,27801,theaba.org,org,496,571,theaba.org,org,365276,27058,507,571,37
384977,384978,10512,t83.net,net,482,554,t83.net,net,383608,10426,484,557,38
387856,387857,190008,xiangyang119.com,com,479,498,xiangyang119.com,com,388263,190150,479,498,38
387044,387045,2607,meiweb.it,it,479,680,meiweb.it,it,401250,2721,464,671,38
385894,385895,28964,bibliomed.org,org,481,548,bibliomed.org,org,398002,30020,468,534,38
387867,387868,190018,recipeteacher.com,com,478,1691,recipeteacher.com,com,396348,193962,469,1671,38
388874,388875,190478,intrinio.com,com,477,614,intrinio.com,com,377456,184990,491,617,38
387028,387029,189598,taksimkadin.com,com,479,730,taksimkadin.com,com,390958,191414,475,731,38
389127,389128,190603,t-a-o.com,com,477,567,t-a-o.com,com,394902,193270,471,564,38
385853,385854,189033,wasatchbeers.com,com,481,551,wasatchbeers.com,com,393365,192544,473,547,38
384346,384347,188313,mysmilies.com,com,483,531,mysmilies.com,com,388204,190115,479,527,38
393125,393126,192572,diginames.com,com,473,514,diginames.com,com,351218,172292,526,583,39
397248,397249,194533,brandsnest.com,com,468,556,brandsnest.com,com,401613,196450,464,552,39
394040,394041,10844,calendarxp.net,net,472,501,calendarxp.net,net,397297,10939,469,496,39
398838,398839,195350,conklin.com,com,466,654,conklin.com,com,404158,197670,461,654,39
397770,397771,194815,game-jetx.com,com,468,505,game-jetx.com,com,400155,195766,466,499,39
391755,391756,29445,tobincenter.org,org,474,567,tobincenter.org,org,384380,28788,483,564,39
393470,393471,192733,shirarresortandspa.com,com,472,576,shirarresortandspa.com,com,393057,192399,473,579,39
398742,398743,195298,jiaohuihua.com,com,467,495,jiaohuihua.com,com,398253,194844,468,496,39
394623,394624,193316,cap-m.com,com,471,546,cap-m.com,com,394276,192959,472,544,39
392353,392354,192208,tuzikaze.com,com,473,684,tuzikaze.com,com,390113,191020,476,689,39
400732,400733,196220,revive-eo.com,com,464,759,revive-eo.com,com,395448,193526,470,763,40
401439,401440,30343,todogroup.org,org,464,524,todogroup.org,org,395272,29771,471,528,40
404775,404776,198071,treebonesresort.com,com,460,566,treebonesresort.com,com,405307,198178,460,562,40
402819,402820,197162,pluglesspower.com,com,462,575,pluglesspower.com,com,401389,196349,464,580,40
401643,401644,139,hqueue.dev,dev,464,484,hqueue.dev,dev,400175,134,466,493,40
401227,401228,196421,cascadeyarns.com,com,464,541,cascadeyarns.com,com,399819,195573,466,540,40
404188,404189,450,patterned.ai,ai,461,532,patterned.ai,ai,406513,458,459,538,40
403622,403623,197551,craftprojectideas.com,com,461,712,craftprojectideas.com,com,412047,201310,453,702,40
407754,407755,30886,unmict.org,org,457,559,unmict.org,org,408158,30891,457,566,40
402836,402837,30449,mccallmacbainscholars.org,org,462,573,mccallmacbainscholars.org,org,400399,30209,465,583,40
411461,411462,201237,theburlapbag.com,com,453,711,theburlapbag.com,com,416188,203234,449,715,41
415397,415398,203116,spoonyexperiment.com,com,450,499,spoonyexperiment.com,com,424307,206984,442,492,41
419362,419363,204978,muktipolice.com,com,446,508,muktipolice.com,com,416866,203544,449,512,41
419942,419943,205239,teriyakimadness.com,com,445,549,teriyakimadness.com,com,418458,204306,447,557,41
417032,417033,203890,independent-bangladesh.com,com,448,529,independent-bangladesh.com,com,411514,201034,454,535,41
415474,415475,203155,healthdothealth.com,com,450,482,healthdothealth.com,com,414051,202226,452,486,41
414084,414085,202478,staybridgesuites.com,com,451,521,staybridgesuites.com,com,424064,206855,442,510,41
416497,416498,203639,popularairsoft.com,com,449,483,popularairsoft.com,com,425458,207516,441,479,41
418447,418448,29,prednisone.sbs,sbs,447,497,prednisone.sbs,sbs,421101,29,445,497,41
411060,411061,686,visvim.tv,tv,454,522,visvim.tv,tv,399022,656,467,529,41
420400,420401,205431,greubelforsey.com,com,445,510,greubelforsey.com,com,424144,206895,442,504,42
421049,421050,205745,queenszoo.com,com,444,541,queenszoo.com,com,420552,205279,445,546,42
421717,421718,206073,essaywriternow.com,com,444,483,essaywriternow.com,com,417130,203673,449,484,42
427301,427302,208673,tourisme-gers.com,com,438,575,tourisme-gers.com,com,423457,206608,442,583,42
423646,423647,66,gabapentin.cyou,cyou,442,497,gabapentin.cyou,cyou,427458,64,439,494,42
424225,424226,32356,eii.org,org,441,539,eii.org,org,428973,32759,437,551,42
422143,422144,206252,ruedesjoueurs.com,com,443,533,ruedesjoueurs.com,com,418592,204371,447,540,42
425739,425740,13,digi.ninja,ninja,440,505,digi.ninja,ninja,404697,13,461,531,42
427972,427973,208978,quikmaps.com,com,438,499,quikmaps.com,com,426264,207871,440,503,42
420373,420374,205420,practicebuilders.com,com,445,512,practicebuilders.com,com,399115,195266,467,519,42
438911,438912,214167,rx8club.com,com,428,506,rx8club.com,com,428227,208809,438,515,43
434988,434989,12339,ilpiccolo.net,net,431,735,ilpiccolo.net,net,441256,12512,426,734,43
433359,433360,211522,diversitylab.com,com,433,500,diversitylab.com,com,427116,208268,439,519,43
436970,436971,1860,rescuer.info,info,430,483,rescuer.info,info,440908,1884,427,483,43
439480,439481,214447,altinity.com,com,428,466,altinity.com,com,444621,216647,424,463,43
432953,432954,211335,leitner.com,com,433,533,leitner.com,com,408114,199464,457,572,43
431062,431063,210454,cloverdx.com,com,435,507,cloverdx.com,com,422890,206345,443,517,43
439914,439915,214637,criticalthinkinginstitute.com,com,427,519,criticalthinkinginstitute.com,com,433594,211404,433,522,43
435533,435534,12354,ajpower.net,net,431,507,ajpower.net,net,426074,11953,440,519,43
437790,437791,213637,eternalsunshine.com,com,429,504,eternalsunshine.com,com,438271,213634,429,503,43
440470,440471,214913,mtkick.com,com,427,481,mtkick.com,com,443353,216043,425,472,44
440325,440326,214837,aprilwinchell.com,com,427,490,aprilwinchell.com,com,443027,215861,425,490,44
440370,440371,214864,freeadultpron.com,com,427,487,freeadultpron.com,com,444286,216478,424,486,44
440233,440234,214794,pfflyers.com,com,427,497,pfflyers.com,com,452306,220265,417,491,44
442892,442893,215989,sportspilot.com,com,425,473,sportspilot.com,com,442150,215451,426,472,44
441785,441786,215497,dmvconnect.com,com,426,469,dmvconnect.com,com,446827,217727,422,468,44
442888,442889,215985,josephabboud.com,com,425,473,josephabboud.com,com,433089,211154,434,479,44
447492,447493,218176,thainatec.com,com,421,476,thainatec.com,com,447858,218214,421,474,44
449203,449204,1964,medibuddy.in,in,419,524,medibuddy.in,in,452008,1964,417,515,44
446261,446262,7,caminodelcorazon.church,church,422,478,caminodelcorazon.church,church,448972,7,420,475,44
450868,450869,219756,goldeneagleluxurytrains.com,com,418,482,goldeneagleluxurytrains.com,com,446428,217534,422,495,45
450770,450771,219708,michaelnyman.com,com,418,489,michaelnyman.com,com,453720,220914,416,483,45
457536,457537,222937,narutom.com,com,413,429,narutom.com,com,454260,221178,416,432,45
455716,455717,222051,actpathologyconsult.com,com,414,481,actpathologyconsult.com,com,453748,220924,416,481,45
458339,458340,13120,straffordvt.net,net,412,472,straffordvt.net,net,466328,13382,406,468,45
455869,455870,222131,lifars.com,com,414,472,lifars.com,com,453796,220953,416,478,45
459952,459953,224062,qqcitybetz.com,com,411,452,qqcitybetz.com,com,456559,222227,414,456,45
450611,450612,219635,sofidel.com,com,418,499,sofidel.com,com,455957,221929,414,494,45
453470,453471,220979,peacechatter.com,com,416,468,peacechatter.com,com,457608,222740,413,468,45
453286,453287,12954,alkafeel.net,net,416,478,alkafeel.net,net,457321,13058,413,483,45
460703,460704,224432,nursesmovingforward.com,com,410,479,nursesmovingforward.com,com,462435,224952,409,476,46
467961,467962,227792,deaderpool-mccc.com,com,404,507,deaderpool-mccc.com,com,464627,226004,407,502,46
467436,467437,227543,nyaffairs.com,com,405,454,nyaffairs.com,com,465303,226335,407,456,46
461168,461169,224635,ottozutz.com,com,410,450,ottozutz.com,com,468075,227680,405,443,46
468110,468111,227857,proximityone.com,com,404,491,proximityone.com,com,458341,223088,412,501,46
465038,465039,13388,15dayforecast.net,net,407,446,15dayforecast.net,net,471878,13601,402,447,46
467219,467220,227443,chopshop.com,com,405,466,chopshop.com,com,467743,227497,405,462,46
460847,460848,224495,webcamsliveporn.com,com,410,471,webcamsliveporn.com,com,457522,222698,413,473,46
462069,462070,362,xn--d1agcyj9e.xn--p1ai,xn--p1ai,409,472,эдироз.рф,рф,464996,363,407,475,46
468348,468349,227977,postgradmed.com,com,404,474,postgradmed.com,com,472599,229834,401,477,46
470938,470939,13621,hydrol-earth-syst-sci-discuss.net,net,402,473,hydrol-earth-syst-sci-discuss.net,net,467480,13435,405,477,47
477577,477578,232301,fundfire.com,com,397,474,fundfire.com,com,482248,234305,394,476,47
476335,476336,2085,electronicsclub.info,info,398,468,electronicsclub.info,info,476659,2075,398,472,47
471327,471328,36693,isop-indonesia.org,org,402,452,isop-indonesia.org,org,471796,36756,402,451,47
475723,475724,231428,yumeating.com,com,398,1068,yumeating.com,com,491925,238832,387,1071,47
470830,470831,229145,themadeinamericamovement.com,com,402,480,themadeinamericamovement.com,com,474012,230508,400,473,47
471297,471298,2051,fxjournal.info,info,402,453,fxjournal.info,info,472962,2054,401,457,47
472639,472640,229972,nuevobancosantafe.com,com,401,451,nuevobancosantafe.com,com,475726,231288,399,450,47
471791,471792,229599,easternpafootball.com,com,401,535,easternpafootball.com,com,484729,235465,392,542,47
472755,472756,36818,washingtonconnection.org,org,401,446,washingtonconnection.org,org,474547,36983,400,445,47
485733,485734,236177,surex.com,com,391,529,surex.com,com,498142,241668,383,515,48
480377,480378,37519,historyofmacedonia.org,org,395,471,historyofmacedonia.org,org,476594,37159,398,476,48
483656,483657,14092,foroes.net,net,393,450,foroes.net,net,491278,14346,388,448,48
483929,483930,235353,theshoemart.com,com,393,438,theshoemart.com,com,483056,234711,394,433,48
486956,486957,236781,vholdr.com,com,391,419,vholdr.com,com,502486,243656,381,415,48
484415,484416,235558,drugdeliverybusiness.com,com,392,498,drugdeliverybusiness.com,com,477796,232259,397,498,48
482659,482660,37712,template-demo.org,org,394,426,template-demo.org,org,487353,38090,391,424,48
488490,488491,237498,untappedblues.com,com,389,1571,untappedblues.com,com,548427,264806,353,1544,48
483221,483222,234976,crictoday.com,com,393,472,crictoday.com,com,489320,237560,389,475,48
488761,488762,38251,ensemblestudiotheatre.org,org,389,482,ensemblestudiotheatre.org,org,490727,38352,388,487,48
492171,492172,239200,readitquik.com,com,387,446,readitquik.com,com,494344,239881,386,440,49
494647,494648,38792,eurobridge.org,org,385,467,eurobridge.org,org,498419,39032,383,465,49
490646,490647,238477,tamarastoll.com,com,388,452,tamarastoll.com,com,494183,239809,386,448,49
491905,491906,239065,malt-review.com,com,387,461,malt-review.com,com,488071,236994,390,462,49
495212,495213,240552,panamax.com,com,385,437,panamax.com,com,497382,241296,384,441,49
497661,497662,241694,autoinsurance.com,com,383,465,autoinsurance.com,com,480904,233684,395,474,49
499241,499242,2055,startupweek.co,co,382,457,startupweek.co,co,489549,2006,389,461,49
499383,499384,242489,lensmartonline.com,com,382,451,lensmartonline.com,com,517832,250597,371,433,49
497542,497543,39039,texasaft.org,org,383,477,texasaft.org,org,464589,36090,407,508,49
497941,497942,241816,delsol.com,com,383,449,delsol.com,com,492658,239131,387,449,49
509977,509978,247307,spainenglish.com,com,375,459,spainenglish.com,com,486575,236277,391,465,50
509725,509726,247212,theholidayschedule.com,com,375,606,theholidayschedule.com,com,515507,249567,372,605,50
508746,508747,246715,minspy.com,com,376,441,minspy.com,com,517986,250669,371,427,50
508156,508157,246460,westjordanjournal.com,com,376,556,westjordanjournal.com,com,509077,246628,376,555,50
505291,505292,39733,curiousexpeditions.org,org,378,459,curiousexpeditions.org,org,501542,39280,381,461,50
500721,500722,243081,eos-magazine.com,com,381,458,eos-magazine.com,com,498550,241841,383,456,50
508587,508588,246640,hbreavis.com,com,376,448,hbreavis.com,com,493881,239673,386,464,50
500650,500651,243055,mslaurynhill.com,com,381,463,mslaurynhill.com,com,480995,233724,395,469,50
502099,502100,243731,mumumio.com,com,380,477,mumumio.com,com,507659,245982,377,479,50
507523,507524,246169,freelivesexonline.com,com,377,428,freelivesexonline.com,com,505226,244881,379,431,50
510856,510857,247743,wedosports.com,com,375,417,wedosports.com,com,521734,252408,369,411,51
518025,518026,251152,mangarock.com,com,370,463,mangarock.com,com,504809,244678,379,450,51
514193,514194,15285,bradsucks.net,net,373,410,bradsucks.net,net,516772,15333,372,411,51
512213,512214,116,forthewild.world,world,374,425,forthewild.world,world,513079,115,374,429,51
510271,510272,2353,mkuniversity.ac.in,in,375,441,mkuniversity.ac.in,in,514621,2372,373,431,51
510000,510001,247314,magnatag.com,com,375,457,magnatag.com,com,517472,250428,371,453,51
517857,517858,909,ghazni.me,me,370,537,ghazni.me,me,520566,913,369,535,51
510639,510640,247631,merletto-chocolate.com,com,375,425,merletto-chocolate.com,com,488160,237040,390,458,51
514048,514049,249276,nowfe.com,com,373,416,nowfe.com,com,538688,260178,359,409,51
514315,514316,249419,green-beast.com,com,373,401,green-beast.com,com,505743,245131,379,405,51
527750,527751,255544,freezoka.com,com,365,393,freezoka.com,com,530317,256357,364,395,52
525749,525750,15684,sandiegocountyrecorder.net,net,366,409,sandiegocountyrecorder.net,net,535165,15979,361,408,52
520934,520935,41080,worldteach.org,org,369,397,worldteach.org,org,522030,41090,369,394,52
521749,521750,252810,experiencetravelgroup.com,com,368,434,experiencetravelgroup.com,com,524334,253595,367,435,52
524271,524272,254019,mediamarkt.com,com,367,402,mediamarkt.com,com,542724,262119,357,393,52
528221,528222,255722,chezlepre.com,com,364,451,chezlepre.com,com,541536,261537,357,445,52
524134,524135,253942,myvaporstore.com,com,367,407,myvaporstore.com,com,518440,250877,371,410,52
524190,524191,253973,rootreport.com,com,367,405,rootreport.com,com,542534,262028,357,399,52
529962,529963,41826,vertebradosibericos.org,org,363,449,vertebradosibericos.org,org,532584,41997,362,447,52
524796,524797,254211,everythingpreschool.com,com,366,460,everythingpreschool.com,com,532516,257323,362,453,52
530174,530175,15847,monstersgame.net,net,363,435,monstersgame.net,net,541737,16229,357,430,53
531304,531305,257135,dreamfaceapp.com,com,363,375,dreamfaceapp.com,com,537558,259668,360,373,53
539409,539410,260937,superbooth.com,com,358,418,superbooth.com,com,529620,256008,364,422,53
537067,537068,259860,hulkhogan.com,com,359,446,hulkhogan.com,com,525796,254258,366,453,53
531090,531091,257035,brainsonfire.com,com,363,398,brainsonfire.com,com,526971,254833,366,396,53
533600,533601,258191,jainsusa.com,com,361,439,jainsusa.com,com,560615,270912,347,427,53
535762,535763,259223,candytopia.com,com,360,422,candytopia.com,com,562717,271963,346,424,53
539902,539903,2428,autoline.info,info,358,401,autoline.info,info,537264,2403,360,398,53
537812,537813,260199,allcdcovers.com,com,359,410,allcdcovers.com,com,531581,256917,363,410,53
532790,532791,257848,srsmith.com,com,362,400,srsmith.com,com,533660,257868,362,399,53
542023,542024,262198,theprimerib.com,com,357,387,theprimerib.com,com,546342,263840,355,390,54
546506,546507,264338,dndnloan.com,com,354,438,dndnloan.com,com,587111,284901,335,417,54
542840,542841,262544,oldradioworld.com,com,356,427,oldradioworld.com,com,550805,265934,352,427,54
546455,546456,264318,bsp-auto.com,com,354,443,bsp-auto.com,com,525806,254260,366,452,54
545706,545707,263957,boardroomchurch.com,com,355,391,boardroomchurch.com,com,537311,259544,360,396,54
540896,540897,16267,tenhou.net,net,357,436,tenhou.net,net,536482,16037,360,426,54
547005,547006,264576,ahhhhfs.com,com,354,412,ahhhhfs.com,com,551048,266048,352,413,54
541761,541762,262060,fitwp.com,com,357,397,fitwp.com,com,535604,258781,361,391,54
546456,546457,264319,machighway.com,com,354,443,machighway.com,com,537922,259800,359,449,54
549622,549623,265851,boardwatch.com,com,353,383,boardwatch.com,com,555829,268447,350,382,54
551526,551527,2347,bestprice.co,co,352,385,bestprice.co,co,539248,2273,359,385,55
554818,554819,268375,teamquest.com,com,350,407,teamquest.com,com,555030,268046,350,410,55
550366,550367,266193,pennsylvaniawine.com,com,352,432,pennsylvaniawine.com,com,550649,265863,352,438,55
558325,558326,4087,gazzettadimilano.it,it,348,444,gazzettadimilano.it,it,566807,4123,344,440,55
555721,555722,268803,economytody.com,com,350,368,economytody.com,com,550204,265657,353,372,55
558373,558374,270179,ojd.com,com,348,438,ojd.com,com,550626,265858,352,441,55
553163,553164,267579,nowbeyond.com,com,351,397,nowbeyond.com,com,549717,265419,353,396,55
559959,559960,270946,yuhuzhaopin.com,com,347,1300,yuhuzhaopin.com,com,560078,270617,347,1308,55
551807,551808,266923,rencaiyongding.com,com,351,1243,rencaiyongding.com,com,566431,273870,344,1246,55
557308,557309,269612,kabukirestaurants.com,com,349,391,kabukirestaurants.com,com,571981,276773,342,391,55
561421,561422,271701,cyclemeter.com,com,347,391,cyclemeter.com,com,544231,262807,356,401,56
563491,563492,272787,traceywarbeyweddingphotography.com,com,346,391,traceywarbeyweddingphotography.com,com,559339,270230,348,396,56
568827,568828,17334,kwsuspensions.net,net,343,489,kwsuspensions.net,net,560331,16943,347,488,56
561249,561250,271601,counsyl.com,com,347,396,counsyl.com,com,544065,262732,356,406,56
564305,564306,273261,njzprc.com,com,345,1200,njzprc.com,com,577531,279777,339,1198,56
565753,565754,273921,hayvanilanlari.com,com,345,387,hayvanilanlari.com,com,634939,309470,315,347,56
568222,568223,275213,jolicode.com,com,344,375,jolicode.com,com,557764,269413,349,384,56
567945,567946,275083,pkeithlaw.com,com,344,384,pkeithlaw.com,com,572504,277027,342,375,56
568012,568013,275105,3dbdsmplus.com,com,344,382,3dbdsmplus.com,com,570183,275793,343,381,56
569954,569955,45059,ntsad.org,org,343,387,ntsad.org,org,567766,44875,344,389,56
571867,571868,17446,yourcreditjeweler.net,net,342,395,yourcreditjeweler.net,net,578550,17663,339,393,57
579095,579096,280847,newspaperlinks.com,com,339,376,newspaperlinks.com,com,583618,282944,337,376,57
572023,572024,17450,kajeet.net,net,342,390,kajeet.net,net,601450,18481,329,378,57
577513,577514,280096,xingyu-solenoid.com,com,339,1162,xingyu-solenoid.com,com,586720,284698,335,1175,57
576344,576345,279419,seocalling.com,com,340,390,seocalling.com,com,592588,287718,333,377,57
573886,573887,278143,jmtour.com,com,341,400,jmtour.com,com,580716,281434,338,396,57
578812,578813,17712,michaeljordanshoes.net,net,339,384,michaeljordanshoes.net,net,576526,17576,340,386,57
572935,572936,277691,zhongjinguotou.com,com,341,1220,zhongjinguotou.com,com,588949,285835,334,1214,57
573966,573967,278179,colorfulstandard.com,com,341,397,colorfulstandard.com,com,585463,283949,336,387,57
573791,573792,278098,planetdeadly.com,com,341,404,planetdeadly.com,com,580420,281308,338,409,57
582973,582974,282885,quinceanera.com,com,337,390,quinceanera.com,com,587363,284996,335,403,58
580258,580259,281489,britishbasketballleague.com,com,338,413,britishbasketballleague.com,com,562725,271968,346,423,58
588756,588757,285951,jingtunianfo.com,com,334,1131,jingtunianfo.com,com,582136,282264,337,1139,58
585340,585341,3208,gacor77.io,io,336,387,gacor77.io,io,844044,4550,253,294,58
587427,587428,47,eilat.city,city,335,392,eilat.city,city,607959,47,326,386,58
587170,587171,285120,redjacketresorts.com,com,335,403,redjacketresorts.com,com,578126,280065,339,410,58
588370,588371,285691,run3sonline.com,com,335,363,run3sonline.com,com,574824,278289,341,370,58
582275,582276,282556,lakescientist.com,com,337,426,lakescientist.com,com,566889,274124,344,429,58
582463,582464,282637,histoire-fr.com,com,337,410,histoire-fr.com,com,580373,281288,338,411,58
587878,587879,285448,theofficekid.com,com,335,378,theofficekid.com,com,482790,234585,394,446,58
593883,593884,288597,mdvaden.com,com,332,399,mdvaden.com,com,591822,287355,333,403,59
591985,591986,46726,aura77.org,org,333,389,aura77.org,org,592227,46723,333,389,59
592819,592820,288013,cadacinternational.com,com,333,364,cadacinternational.com,com,617899,300826,322,361,59
591698,591699,46697,haasjr.org,org,333,400,haasjr.org,org,600849,47374,329,400,59
598564,598565,290980,threadwallets.com,com,330,390,threadwallets.com,com,603417,293390,328,388,59
597048,597049,290226,feintool.com,com,331,369,feintool.com,com,597374,290234,331,368,59
592895,592896,18251,mbsdirect.net,net,333,362,mbsdirect.net,net,579354,17691,339,369,59
595301,595302,289311,samsungsemi.com,com,332,352,samsungsemi.com,com,600043,291603,330,352,59
594798,594799,289073,vean-tattoo.com,com,332,370,vean-tattoo.com,com,613532,298588,324,358,59
599961,599962,291707,taiziyou948.com,com,329,1121,taiziyou948.com,com,591279,287100,333,1159,59
605284,605285,294402,theoldhomesteadsteakhouse.com,com,327,390,theoldhomesteadsteakhouse.com,com,612282,297957,324,394,60
608423,608424,296000,craftslisting.com,com,326,364,craftslisting.com,com,617817,300780,322,363,60
600079,600080,291792,24emilia.com,com,329,604,24emilia.com,com,611857,297766,324,607,60
609962,609963,296829,purelyrics.com,com,325,383,purelyrics.com,com,617297,300527,322,379,60
601432,601433,292387,gvzoo.com,com,329,370,gvzoo.com,com,597105,290097,331,374,60
603658,603659,293555,oesd.com,com,328,371,oesd.com,com,617690,300726,322,366,60
608272,608273,295928,paulogomeslda.com,com,326,368,paulogomeslda.com,com,617738,300745,322,365,60
602763,602764,293099,gregcookland.com,com,328,399,gregcookland.com,com,605347,294376,327,400,60
604877,604878,294238,rickwarrennews.com,com,327,414,rickwarrennews.com,com,638392,311283,313,390,60
609198,609199,296457,dyf5.com,com,325,806,dyf5.com,com,609534,296545,325,799,60
615885,615886,299880,bakeitketo.com,com,322,1756,bakeitketo.com,com,630599,307301,316,1735,61
613918,613919,298910,landlordsguild.com,com,323,422,landlordsguild.com,com,618904,301403,321,427,61
610022,610023,296865,xn--hydrarzxpnew4af-hw5h.com,com,325,381,hydrarụzxpnew4af.com,com,601327,292287,329,382,61
614189,614190,48491,historichousetrust.org,org,323,395,historichousetrust.org,org,609942,48118,325,401,61
617339,617340,300594,broadbandsports.com,com,322,363,broadbandsports.com,com,604175,293762,328,365,61
615623,615624,299736,crd.com,com,323,351,crd.com,com,618102,300945,322,356,61
615585,615586,299712,citycentrehouston.com,com,323,352,citycentrehouston.com,com,620597,302197,321,351,61
613723,613724,298815,pasturebird.com,com,323,795,pasturebird.com,com,618720,301300,321,779,61
611842,611843,18946,steamboy.net,net,324,397,steamboy.net,net,626277,19397,318,393,61
618301,618302,301117,jingmaihang.com,com,321,772,jingmaihang.com,com,611799,297729,324,769,61
622456,622457,303108,thedevconf.com,com,320,352,thedevconf.com,com,785507,383016,267,299,62
629215,629216,306523,easydus.com,com,317,359,easydus.com,com,644341,314275,311,356,62
629157,629158,9,onlyteens.porn,porn,317,361,onlyteens.porn,porn,660029,9,305,346,62
623792,623793,303818,westbrookbrewing.com,com,319,377,westbrookbrewing.com,com,648823,316593,309,374,62
623780,623781,303806,dental-monitoring.com,com,319,377,dental-monitoring.com,com,605847,294609,327,381,62
625158,625159,1244,realjp.online,online,319,343,realjp.online,online,449205,819,420,460,62
624742,624743,304281,federalhousingtaxcredit.com,com,319,353,federalhousingtaxcredit.com,com,609185,296311,326,353,62
620612,620613,302245,weijiucheng.com,com,320,792,weijiucheng.com,com,637939,311026,313,812,62
627885,627886,305931,scniqo9889.com,com,317,792,scniqo9889.com,com,604910,294192,327,784,62
628258,628259,436,xn--h10b90b998c.site,site,317,394,뉴토끼.site,site,621536,429,320,395,62
637924,637925,311138,theprintableprincess.com,com,313,405,theprintableprincess.com,com,650974,317728,308,405,63
630314,630315,307141,yesbyt.com,com,316,777,yesbyt.com,com,628253,306146,317,780,63
630732,630733,307325,bestfans.com,com,316,389,bestfans.com,com,661649,323165,304,378,63
633213,633214,308614,renown.com,com,315,385,renown.com,com,617115,300439,322,385,63
634381,634382,2627,cialissoft365x7.top,top,315,352,cialissoft365x7.top,top,634810,2744,315,350,63
637273,637274,310704,dlgty.com,com,314,339,dlgty.com,com,647810,316045,310,335,63
638285,638286,311269,action-figure.com,com,313,378,action-figure.com,com,605576,294478,327,390,63
637699,637700,311020,sdlianhuo.com,com,313,763,sdlianhuo.com,com,625878,304984,318,757,63
632544,632545,308238,trompmedical.com,com,316,335,trompmedical.com,com,627973,305949,318,341,63
632678,632679,308326,delectablesalads.com,com,315,1200,delectablesalads.com,com,637884,310975,313,1196,63
645271,645272,314913,antwoordapparaten.com,com,310,2139,antwoordapparaten.com,com,677899,331434,298,2086,64
647531,647532,316053,backpackbattles.com,com,310,334,backpackbattles.com,com,650440,317381,309,330,64
649585,649586,317133,mercedes-benz-mena.com,com,309,347,mercedes-benz-mena.com,com,635091,309555,315,343,64
647711,647712,316142,rock-n-roll-design.com,com,310,327,rock-n-roll-design.com,com,658340,321421,306,326,64
645814,645815,315207,retro1025.com,com,310,383,retro1025.com,com,685919,336082,296,362,64
647060,647061,315818,jessicasattic.com,com,310,346,jessicasattic.com,com,650178,317254,309,339,64
649691,649692,317191,thepumppeople.com,com,309,345,thepumppeople.com,com,652516,318438,308,344,64
642457,642458,2833,o3o.co,co,312,334,o3o.co,co,677350,3002,299,327,64
642772,642773,313616,mianzhurencai.com,com,311,841,mianzhurencai.com,com,643014,313646,311,855,64
647557,647558,51251,nativevillage.org,org,310,334,nativevillage.org,org,657949,52049,306,337,64
652836,652837,318754,cartoonsmart.com,com,308,335,cartoonsmart.com,com,637564,310797,314,340,65
659603,659604,322214,theotherpaper.com,com,305,366,theotherpaper.com,com,662083,323351,304,360,65
658914,658915,321886,tingfenghs.com,com,305,758,tingfenghs.com,com,645709,315049,310,756,65
655963,655964,320323,ov10film.com,com,306,2141,ov10film.com,com,691462,338819,294,2067,65
657456,657457,321079,meaco.com,com,306,349,meaco.com,com,641935,313070,312,354,65
658841,658842,321813,sokcapacitor.com,com,305,816,sokcapacitor.com,com,675177,330063,299,797,65
659428,659429,322138,saiganak.com,com,305,373,saiganak.com,com,656548,320532,306,372,65
656395,656396,320631,edan.com,com,306,395,edan.com,com,656292,320430,306,391,65
654054,654055,319411,shayazilim.com,com,307,370,shayazilim.com,com,670256,327547,301,361,65
659078,659079,322006,deathwaltzrecordingcompany.com,com,305,427,deathwaltzrecordingcompany.com,com,640740,312552,312,429,65
669892,669893,328017,fightoffyourdemons.com,com,302,357,fightoffyourdemons.com,com,689256,337782,295,357,66
663596,663597,324232,wdir1.com,com,304,340,wdir1.com,com,679668,332327,298,336,66
665220,665221,325306,693785.com,com,303,688,693785.com,com,666741,325860,302,686,66
667439,667440,326353,huadongtoy.com,com,303,328,huadongtoy.com,com,668988,326887,302,327,66
661190,661191,323015,globalcollect.com,com,305,330,globalcollect.com,com,677261,331084,299,329,66
666472,666473,52668,vilarpac.org,org,303,348,vilarpac.org,org,656981,51985,306,358,66
668334,668335,326949,siiom.com,com,302,1167,siiom.com,com,684896,335370,296,1165,66
667412,667413,20957,carthagosoft.net,net,303,329,carthagosoft.net,net,653160,20457,308,327,66
666594,666595,325926,tabletmonkeys.com,com,303,345,tabletmonkeys.com,com,692837,339482,294,340,66
661221,661222,323031,izaodao.com,com,305,329,izaodao.com,com,658163,321324,306,332,66
670547,670548,328310,almsco.com,com,302,340,almsco.com,com,665395,325033,303,343,67
671748,671749,328910,ookes.com,com,301,1167,ookes.com,com,688341,337238,295,1165,67
670006,670007,328078,thetopflight.com,com,302,354,thetopflight.com,com,667596,326210,302,357,67
673336,673337,53108,fairuseweek.org,org,301,345,fairuseweek.org,org,668219,52870,302,342,67
679030,679031,332581,jameyjohnson.com,com,299,348,jameyjohnson.com,com,644226,314217,311,359,67
679625,679626,2784,healthyandwealthylife.top,top,299,336,healthyandwealthylife.top,top,676927,2898,299,335,67
672937,672938,329580,sigstr.com,com,301,356,sigstr.com,com,654444,319444,307,358,67
671907,671908,329069,attrader.com,com,301,1164,attrader.com,com,688441,337338,295,1163,67
670951,670952,328517,averoprint.com,com,302,333,averoprint.com,com,673961,329393,300,337,67
679204,679205,496,meqa888.app,app,299,343,meqa888.app,app,711028,517,288,339,67
680212,680213,333172,californiarent24.com,com,299,324,californiarent24.com,com,668863,326829,302,330,68
686214,686215,336093,iongeo.com,com,297,316,iongeo.com,com,711908,348692,288,322,68
683956,683957,335033,kawaiicorner.com,com,297,383,kawaiicorner.com,com,678359,331729,298,384,68
682832,682833,334457,photobooks.com,com,298,328,photobooks.com,com,665925,325321,303,334,68
688627,688628,294,incog.dev,dev,296,327,incog.dev,dev,650085,270,309,341,68
687421,687422,336631,bd-journal.com,com,296,352,bd-journal.com,com,673302,329061,300,352,68
685712,685713,335843,romerogames.com,com,297,328,romerogames.com,com,662983,323809,304,338,68
686732,686733,336374,bigtalkerradio.com,com,296,424,bigtalkerradio.com,com,707108,346391,289,413,68
685668,685669,21584,inpics.net,net,297,329,inpics.net,net,703189,22176,291,317,68
682988,682989,334543,mmrdrs.com,com,298,325,mmrdrs.com,com,687708,336937,296,322,68
691422,691423,338609,peoplesbanknet.com,com,295,328,peoplesbanknet.com,com,687432,336806,296,327,69
693942,693943,339803,jamie-t.com,com,294,332,jamie-t.com,com,668726,326768,302,333,69
691967,691968,338878,punksoftware.com,com,295,318,punksoftware.com,com,683966,334659,297,317,69
692710,692711,339244,vidjuice.com,com,294,373,vidjuice.com,com,692065,339131,294,366,69
691096,691097,1218,otvprim.tv,tv,295,334,otvprim.tv,tv,671226,1181,301,337,69
698539,698540,342119,yorkshire-dales.com,com,292,380,yorkshire-dales.com,com,694833,340470,293,379,69
696742,696743,54962,laramie1.org,org,293,334,laramie1.org,org,724037,57160,284,331,69
694746,694747,340203,daviddylanthomas.com,com,294,319,daviddylanthomas.com,com,715217,350265,287,320,69
693380,693381,339535,mrcophth.com,com,294,346,mrcophth.com,com,704800,345295,290,345,69
699560,699561,22103,unredd.net,net,292,337,unredd.net,net,717419,22732,286,339,69
702555,702556,344059,paknews.com,com,291,336,paknews.com,com,727148,356129,283,330,70
703481,703482,344521,ruland.com,com,291,320,ruland.com,com,703284,344618,291,315,70
704524,704525,345103,cuisine-campagne.com,com,290,390,cuisine-campagne.com,com,688806,337615,295,398,70
704153,704154,1075,toptex.best,best,290,1710,toptex.best,best,719457,995,285,1698,70
702905,702906,55457,icom-ce.org,org,291,329,icom-ce.org,org,705713,55728,290,325,70
707275,707276,346352,lianmeivehicle.com,com,289,855,lianmeivehicle.com,com,716379,350859,286,842,70
704138,704139,1066,idenic.best,best,290,1947,idenic.best,best,716299,941,286,1941,70
701214,701215,1064,topsec.best,best,291,1622,topsec.best,best,729026,1161,282,1600,70
709119,709120,56004,democracyeducationjournal.org,org,289,324,democracyeducationjournal.org,org,696057,54967,293,333,70
705447,705448,55673,philharmonicsociety.org,org,290,339,philharmonicsociety.org,org,698729,55167,292,341,70
712069,712070,348700,dogbonepress.com,com,288,325,dogbonepress.com,com,711984,348725,288,321,71
716298,716299,350798,21manager.com,com,287,303,21manager.com,com,700333,343165,292,308,71
711546,711547,56220,lostrivercave.org,org,288,336,lostrivercave.org,org,689683,54454,295,345,71
710899,710900,348137,foodbankcc.com,com,288,353,foodbankcc.com,com,678583,331802,298,367,71
712213,712214,348768,goalscape.com,com,288,323,goalscape.com,com,683490,334420,297,327,71
714197,714198,349759,aestheticsforbirds.com,com,287,348,aestheticsforbirds.com,com,754968,368673,275,342,71
712928,712929,349143,market-dverey.com,com,288,313,market-dverey.com,com,699967,342972,292,318,71
714448,714449,349871,bloghandy.com,com,287,341,bloghandy.com,com,720639,352937,285,336,71
719035,719036,1120,pegasusglobalinc.biz,biz,286,313,pegasusglobalinc.biz,biz,731355,1142,282,311,71
717188,717189,351258,fox36.com,com,286,350,fox36.com,com,698157,342066,292,359,71
720085,720086,352701,disneydreamersacademy.com,com,285,363,disneydreamersacademy.com,com,736041,360437,280,356,72
728228,728229,356694,eumiesaward.com,com,283,312,eumiesaward.com,com,724541,354868,284,320,72
724549,724550,354885,cadmios.com,com,284,321,cadmios.com,com,705874,345786,290,322,72
724672,724673,354956,easytigerusa.com,com,284,319,easytigerusa.com,com,733772,359324,281,323,72
720139,720140,352716,scdag.com,com,285,359,scdag.com,com,701087,343536,291,371,72
729477,729478,357382,anikaentrelibros.com,com,282,367,anikaentrelibros.com,com,735966,360408,280,363,72
729176,729177,357226,mrcrushermill.com,com,282,688,mrcrushermill.com,com,771772,376734,270,676,72
726279,726280,355833,jutubao.com,com,283,370,jutubao.com,com,729427,357278,282,366,72
725606,725607,355455,1clickmoney.com,com,284,305,1clickmoney.com,com,741826,363227,279,304,72
725713,725714,57374,gjc.org,org,284,303,gjc.org,org,753804,59464,276,299,72
735052,735053,360087,optronicsinc.com,com,281,306,optronicsinc.com,com,734863,359843,281,307,73
732657,732658,645,xn--80ahegeiwgkt.xn--p1ai,xn--p1ai,281,383,дизайнером.рф,рф,742784,651,278,383,73
732351,732352,358777,kingflexinsulation.com,com,281,823,kingflexinsulation.com,com,722797,354008,284,822,73
733713,733714,647,wangiwdthai.site,site,281,327,wangiwdthai.site,site,755620,660,275,324,73
733568,733569,359359,mecenat.com,com,281,330,mecenat.com,com,740076,362393,279,332,73
734593,734594,359846,codescene.com,com,281,312,codescene.com,com,760230,371135,274,304,73
732082,732083,57880,psychicgurus.org,org,282,300,psychicgurus.org,org,731980,57821,282,300,73
730535,730536,357848,hztyhs.com,com,282,325,hztyhs.com,com,747516,365774,277,324,73
738076,738077,361598,uszcn.com,com,280,310,uszcn.com,com,763306,372580,273,308,73
737521,737522,361316,newurtopia.com,com,280,317,newurtopia.com,com,759320,370667,274,317,73
741553,741554,348,1xbetuzbek.click,click,279,306,1xbetuzbek.click,click,922503,452,237,256,74
741684,741685,363415,bunspace.com,com,279,304,bunspace.com,com,742064,363354,279,300,74
749756,749757,367461,parkscanadahistory.com,com,276,340,parkscanadahistory.com,com,755069,368716,275,338,74
746154,746155,59011,otrr.org,org,277,351,otrr.org,org,726484,57326,283,351,74
747729,747730,3617,smokinginengland.info,info,277,311,smokinginengland.info,info,763309,3708,273,308,74
741324,741325,363212,discoveryvr.com,com,279,309,discoveryvr.com,com,738040,361386,280,309,74
748837,748838,366989,mydarkwebmarketslinks.com,com,277,293,mydarkwebmarketslinks.com,com,742238,363439,279,296,74
741073,741074,363080,housekeepingmaideasy.com,com,279,312,housekeepingmaideasy.com,com,752487,367743,276,309,74
749033,749034,367072,pangananku.com,com,276,1516,pangananku.com,com,779062,380123,268,1517,74
741069,741070,363076,cybriant.com,com,279,312,cybriant.com,com,752660,367820,276,307,74
751285,751286,345,mum.is,is,276,308,mum.is,is,756322,348,275,310,75
751215,751216,59470,pafikebasen.org,org,276,309,pafikebasen.org,org,756480,59682,275,308,75
751944,751945,368523,travel-ticker.com,com,276,300,travel-ticker.com,com,742203,363425,279,297,75
755485,755486,370137,denverfelonies.com,com,275,297,denverfelonies.com,com,757144,369662,275,299,75
758217,758218,371449,threeforfifteen.com,com,274,305,threeforfifteen.com,com,777677,379496,269,301,75
753430,753431,369194,donswaim.com,com,275,332,donswaim.com,com,755187,368757,275,334,75
754649,754650,369746,poolcareguy.com,com,275,308,poolcareguy.com,com,777595,379458,269,302,75
754209,754210,369529,manchestersciencefestival.com,com,275,314,manchestersciencefestival.com,com,737394,361060,280,318,75
754058,754059,369477,savoir-sans-frontieres.com,com,275,317,savoir-sans-frontieres.com,com,730417,357717,282,327,75
756623,756624,370709,popboks.com,com,274,338,popboks.com,com,758436,370273,274,340,75
769122,769123,376555,igportlimos.com,com,271,300,igportlimos.com,com,806944,391983,262,296,76
763595,763596,374013,cyberbunker.com,com,272,335,cyberbunker.com,com,736305,360539,280,343,76
769967,769968,376800,playslotgcas.com,com,271,294,playslotgcas.com,com,767753,374780,272,294,76
762249,762250,4187,unogame.io,io,273,298,unogame.io,io,771205,4205,271,293,76
760742,760743,372615,smmraja.com,com,273,321,smmraja.com,com,769568,375611,271,317,76
767996,767997,3755,blueenvelope.info,info,271,317,blueenvelope.info,info,762905,3703,273,315,76
761302,761303,372886,nucleussoftware.com,com,273,309,nucleussoftware.com,com,748558,366302,277,307,76
768945,768946,376462,victoza.com,com,271,302,victoza.com,com,772893,377212,270,321,76
763971,763972,374181,fruitgrowers.com,com,272,325,fruitgrowers.com,com,806259,391657,262,309,76
761571,761572,373005,camouflageunlimited.com,com,273,305,camouflageunlimited.com,com,777838,379556,269,299,76
770428,770429,377019,zomex.com,com,271,285,zomex.com,com,778798,380018,269,286,77
778282,778283,61586,stateofextraction.org,org,269,293,stateofextraction.org,org,760711,60037,274,299,77
774253,774254,378480,trudys.com,com,270,294,trudys.com,com,811735,394335,261,287,77
770744,770745,377229,masterappraisalservices.com,com,270,532,masterappraisalservices.com,com,764969,373476,272,537,77
770960,770961,377318,cumforcover.com,com,270,359,cumforcover.com,com,765214,373579,272,354,77
770518,770519,377061,lhcmy.com,com,271,281,lhcmy.com,com,768192,374983,272,282,77
772838,772839,378200,scoutpate.com,com,270,301,scoutpate.com,com,763883,372886,273,301,77
772803,772804,378165,clickscan.com,com,270,301,clickscan.com,com,785835,383166,267,295,77
770728,770729,377218,baoyuyuanzheng.com,com,270,549,baoyuyuanzheng.com,com,742621,363676,278,576,77
779752,779753,380900,ourdigitalmags.com,com,268,328,ourdigitalmags.com,com,768999,375359,271,332,77
787413,787414,384604,imarketnews.com,com,266,318,imarketnews.com,com,780588,380765,268,315,78
780711,780712,381326,chaosdeathfish.com,com,268,305,chaosdeathfish.com,com,770391,375995,271,303,78
786996,786997,384419,harnessmuseum.com,com,266,330,harnessmuseum.com,com,768934,375330,271,334,78
789704,789705,234,cipro.cfd,cfd,266,283,cipro.cfd,cfd,800289,233,264,281,78
788106,788107,384946,toppoolserviceca.com,com,266,304,toppoolserviceca.com,com,789547,384603,266,302,78
782578,782579,382242,realworldaip.com,com,267,1189,realworldaip.com,com,804756,390974,262,1167,78
782700,782701,382352,spiceandricethaikitchen.com,com,267,618,spiceandricethaikitchen.com,com,808813,393022,261,606,78
784286,784287,383033,8wines.com,com,267,306,8wines.com,com,781379,381138,268,301,78
786487,786488,3337,ohang.top,top,266,495,ohang.top,top,779309,3379,268,480,78
783881,783882,382842,nativesuncuisine.com,com,267,315,nativesuncuisine.com,com,780632,380784,268,314,78
793902,793903,387908,weiekj.com,com,264,554,weiekj.com,com,775539,378577,269,564,79
798533,798534,390088,pellerinfuneralhome.com,com,263,322,pellerinfuneralhome.com,com,802105,389695,263,315,79
797171,797172,389428,easyparkusa.com,com,264,283,easyparkusa.com,com,782661,381787,268,285,79
794986,794987,388350,aljdispatching.com,com,264,314,aljdispatching.com,com,797990,387842,264,315,79
793110,793111,387452,jubileeinsurance.com,com,265,288,jubileeinsurance.com,com,820299,398277,259,284,79
792918,792919,387352,fragdolls.com,com,265,290,fragdolls.com,com,799764,388717,264,289,79
793594,793595,387691,1science.com,com,265,279,1science.com,com,791097,385387,266,282,79
798850,798851,63265,leolagrange.org,org,263,314,leolagrange.org,org,818331,64359,259,315,79
794128,794129,388030,dcatqueen.com,com,264,365,dcatqueen.com,com,834134,405248,255,360,79
797736,797737,389766,17ddblog.com,com,263,641,17ddblog.com,com,821409,398883,258,647,79
808076,808077,63977,fhsdschools.org,org,261,288,fhsdschools.org,org,836851,65877,255,280,80
807920,807921,394650,me-gray.com,com,261,289,me-gray.com,com,803820,390520,263,288,80
801128,801129,391313,freeprohost.com,com,263,280,freeprohost.com,com,795843,387275,265,277,80
807532,807533,394451,treeservicechandleraz.com,com,261,293,treeservicechandleraz.com,com,819444,397838,259,293,80
809967,809968,395733,soundowl.com,com,260,320,soundowl.com,com,818100,397234,259,320,80
806588,806589,394000,sidekick.com,com,261,308,sidekick.com,com,830796,403447,256,306,80
803234,803235,63599,aliveandthrive.org,org,262,300,aliveandthrive.org,org,814832,64117,260,302,80
805459,805460,393538,jiufus.com,com,261,486,jiufus.com,com,817394,396981,259,483,80
801538,801539,391563,mfirstpack.com,com,262,652,mfirstpack.com,com,796053,387431,264,649,80
809393,809394,395491,holalauncher0.com,com,260,471,holalauncher0.com,com,791594,385698,265,476,80
817681,817682,399507,lesanciennes.com,com,258,332,lesanciennes.com,com,851769,414021,251,331,81
817900,817901,64698,wildlandspa.org,org,258,320,wildlandspa.org,org,818207,64340,259,318,81
818960,818961,400039,byrdcookiecompany.com,com,258,295,byrdcookiecompany.com,com,862449,419358,249,284,81
811801,811802,396567,bloghogwarts.com,com,260,288,bloghogwarts.com,com,790734,385191,266,288,81
812986,812987,397184,jinzhoubank.com,com,260,270,jinzhoubank.com,com,804708,390944,263,271,81
814980,814981,64504,stopoverdose.org,org,259,296,stopoverdose.org,org,819048,64460,259,299,81
812238,812239,396817,morningstarmusic.com,com,260,284,morningstarmusic.com,com,824414,400312,258,283,81
816374,816375,64607,victorious.org,org,259,281,victorious.org,org,828923,65271,257,277,81
815341,815342,398262,dresslikeaparisian.com,com,259,291,dresslikeaparisian.com,com,844395,410268,253,288,81
819521,819522,26955,expresstext.net,net,258,289,expresstext.net,net,811758,26401,261,287,81
822954,822955,401990,sfcathletics.com,com,257,299,sfcathletics.com,com,831049,403557,256,300,82
820653,820654,400880,seotuners.com,com,258,278,seotuners.com,com,837583,406854,255,271,82
825461,825462,3640,0431pifu.top,top,256,1199,0431pifu.top,top,829458,3746,256,1204,82
823223,823224,402103,cfldcn.com,com,257,294,cfldcn.com,com,819494,397848,259,292,82
828618,828619,404722,boardgamegeekstore.com,com,256,283,boardgamegeekstore.com,com,849397,412754,252,281,82
820333,820334,400721,btbcomic.com,com,258,281,btbcomic.com,com,828773,402439,257,278,82
823407,823408,402214,telage.com,com,257,292,telage.com,com,831760,403898,256,289,82
823299,823300,402139,citibikemiami.com,com,257,293,citibikemiami.com,com,835804,405929,255,289,82
829391,829392,405116,pangeranpolo.com,com,256,275,pangeranpolo.com,com,828963,402560,257,276,82
820250,820251,400691,jeanienefrost.com,com,258,282,jeanienefrost.com,com,845522,410854,253,277,82
839789,839790,409619,solis.com,com,254,270,solis.com,com,882987,429869,245,264,83
830308,830309,405653,somanordic.com,com,255,438,somanordic.com,com,834007,405166,255,438,83
839975,839976,409708,webmeets.com,com,254,266,webmeets.com,com,723911,354556,284,334,83
839148,839149,27663,mshw.net,net,254,278,mshw.net,net,859158,28248,250,273,83
835274,835275,407794,texcre.com,com,254,452,texcre.com,com,842565,409439,253,452,83
831255,831256,405790,soaps.com,com,255,334,soaps.com,com,825998,401157,257,336,83
839129,839130,320,rozana.fm,fm,254,278,rozana.fm,fm,831379,318,256,294,83
832273,832274,406210,kolibrigames.com,com,255,298,kolibrigames.com,com,831507,403769,256,292,83
835093,835094,407674,hebeihenglian.com,com,254,642,hebeihenglian.com,com,821458,398932,258,639,83
834005,834006,407087,autocad360.com,com,255,278,autocad360.com,com,845603,410882,253,276,83
842147,842148,27778,zadrochi.net,net,253,305,zadrochi.net,net,929297,30817,235,293,84
842818,842819,1050,effect.ai,ai,253,291,effect.ai,ai,823583,1031,258,291,84
847897,847898,412882,bones.com,com,252,293,bones.com,com,857520,416861,250,289,84
842247,842248,66428,milfordschools.org,org,253,303,milfordschools.org,org,861707,67691,249,298,84
847035,847036,412506,sanangelorodeo.com,com,252,313,sanangelorodeo.com,com,852125,414150,251,310,84
845134,845135,4049,6623653.top,top,252,1133,6623653.top,top,846593,4199,252,1138,84
849328,849329,413611,dhg.com,com,252,277,dhg.com,com,836543,406303,255,282,84
843264,843265,410973,vertosmed.com,com,253,285,vertosmed.com,com,824435,400333,258,283,84
841864,841865,410322,beachcatcher.com,com,253,312,beachcatcher.com,com,861254,418811,249,307,84
844312,844313,411524,jayautamasurabaya.com,com,253,275,jayautamasurabaya.com,com,824618,400410,258,281,84
851245,851246,414663,myeducator.com,com,251,342,myeducator.com,com,856255,416310,250,338,85
853142,853143,415301,royalleafclub.com,com,251,286,royalleafclub.com,com,857662,416951,250,287,85
850260,850261,414093,parekhcards.com,com,252,266,parekhcards.com,com,833181,404659,256,274,85
853884,853885,28173,athensams.net,net,251,279,athensams.net,net,828259,27066,257,284,85
850610,850611,414220,coolyaar.com,com,251,765,coolyaar.com,com,846661,411373,252,763,85
857434,857435,417407,rbcheritage.com,com,250,291,rbcheritage.com,com,835422,405760,255,295,85
850465,850466,4105,cdvczo.top,top,251,1215,cdvczo.top,top,846507,4113,252,1220,85
859923,859924,28421,zongzi8.net,net,250,259,zongzi8.net,net,860024,28295,250,257,85
853950,853951,415731,mytodayhealthtips.com,com,251,278,mytodayhealthtips.com,com,858432,417368,250,279,85
854247,854248,67225,sipsych.org,org,251,276,sipsych.org,org,858702,67485,250,277,85
863931,863932,58,audit.wales,wales,249,275,audit.wales,wales,849603,59,252,280,86
865368,865369,421208,as-qg.com,com,248,641,as-qg.com,com,838103,407150,254,636,86
868135,868136,422519,scottsdaleplaza.com,com,248,279,scottsdaleplaza.com,com,836810,406453,255,280,86
868029,868030,422458,svcseattle.com,com,248,280,svcseattle.com,com,890761,433783,243,280,86
863061,863062,1075,getvoila.ai,ai,249,281,getvoila.ai,ai,831719,1042,256,289,86
862895,862896,419952,bodymindcentering.com,com,249,283,bodymindcentering.com,com,858042,417153,250,282,86
866999,867000,68056,techqueria.org,org,248,298,techqueria.org,org,875696,68712,246,294,86
867591,867592,422238,learnersedge.com,com,248,286,learnersedge.com,com,853675,414916,251,282,86
863978,863979,420507,motorestaurant.com,com,249,274,motorestaurant.com,com,897167,436995,242,266,86
864402,864403,420710,discoverlivesteam.com,com,249,270,discoverlivesteam.com,com,873336,424896,247,267,86
875686,875687,426442,thachcaophao.com,com,246,357,thachcaophao.com,com,874747,425722,246,358,87
878244,878245,427577,howtoans.com,com,246,273,howtoans.com,com,896271,436527,242,273,87
871249,871250,1538,fuzzymemories.tv,tv,247,311,fuzzymemories.tv,tv,879850,1558,245,310,87
876103,876104,426563,indiandefence.com,com,246,307,indiandefence.com,com,870495,423485,247,306,87
877834,877835,427322,afseals.com,com,246,276,afseals.com,com,872271,424353,247,276,87
876667,876668,426791,whitneycummings.com,com,246,294,whitneycummings.com,com,838915,407569,254,314,87
875346,875347,426210,gamills.com,com,246,430,gamills.com,com,879211,427963,245,430,87
874861,874862,4398,karabukescortbu.info,info,246,2410,karabukescortbu.info,info,837854,4147,254,2291,87
872120,872121,424508,notifight.com,com,247,288,notifight.com,com,925046,450559,236,278,87
876140,876141,426573,financialounge.com,com,246,306,financialounge.com,com,899427,438103,241,303,87
883484,883485,430242,xn--12cma3ee9b5gc0d9ih.com,com,245,269,บ้านกางมุ้ง.com,com,882366,429537,245,270,88
881596,881597,69098,openvotingconsortium.org,org,245,291,openvotingconsortium.org,org,875734,68715,246,293,88
889760,889761,433419,cnztvalves.com,com,243,629,cnztvalves.com,com,888582,432703,243,632,88
880592,880593,428850,girlgirl.com,com,245,341,girlgirl.com,com,909076,442889,239,335,88
887985,887986,432458,sex-mommy.com,com,244,271,sex-mommy.com,com,886537,431655,244,273,88
883531,883532,877,aquaspectacle.site,site,245,269,aquaspectacle.site,site,891863,984,243,270,88
883196,883197,430056,eviatel.com,com,245,271,eviatel.com,com,896389,436596,242,272,88
888074,888075,432491,deltadna.com,com,244,270,deltadna.com,com,867859,422044,248,275,88
885141,885142,431137,mocheddar.com,com,244,425,mocheddar.com,com,888931,432942,243,426,88
880279,880280,428657,3c0086.com,com,245,428,3c0086.com,com,884026,430475,244,427,88
896745,896746,436904,pinkfloydexhibition.com,com,242,277,pinkfloydexhibition.com,com,895853,436304,242,277,89
894650,894651,435897,stzirconia.com,com,242,628,stzirconia.com,com,869554,422949,247,630,89
894628,894629,435876,nbbrothermachinery.com,com,242,632,nbbrothermachinery.com,com,874153,425320,246,633,89
899067,899068,70397,22w21.org,org,242,256,22w21.org,org,878637,68913,246,258,89
893161,893162,435095,npcertificationacademy.com,com,243,268,npcertificationacademy.com,com,897036,436929,242,267,89
898107,898108,437633,axiomatics.com,com,242,265,axiomatics.com,com,873326,424886,247,267,89
893422,893423,435227,thehittingvault.com,com,243,266,thehittingvault.com,com,882359,429530,245,270,89
898820,898821,437988,filmforum.com,com,242,259,filmforum.com,com,922622,449428,237,255,89
897583,897584,437345,fjdynamics.com,com,242,269,fjdynamics.com,com,921145,448678,237,266,89
891388,891389,69826,autohistory.org,org,243,288,autohistory.org,org,880557,69047,245,291,89
909064,909065,71175,h5l.org,org,240,255,h5l.org,org,893067,70011,243,258,90
901631,901632,439330,floridakeysaquariumencounters.com,com,241,277,floridakeysaquariumencounters.com,com,930433,453195,235,270,90
906673,906674,1132,halcyon.ai,ai,240,276,halcyon.ai,ai,885692,1116,244,282,90
901668,901669,29857,workfriendly.net,net,241,277,workfriendly.net,net,781040,25241,268,306,90
908872,908873,442905,nortoncom-setupz.com,com,240,257,nortoncom-setupz.com,com,917524,446957,238,258,90
909042,909043,442976,shelteroffshore.com,com,240,255,shelteroffshore.com,com,922550,449402,237,256,90
902003,902004,439515,stitchedbycrystal.com,com,241,273,stitchedbycrystal.com,com,955888,465458,230,268,90
904193,904194,29962,xamama.net,net,241,254,xamama.net,net,908240,30036,240,251,90
907338,907339,442131,newcastlebuyersagents.com,com,240,269,newcastlebuyersagents.com,com,920767,448469,237,269,90
906038,906039,441524,assassinationresearch.com,com,240,288,assassinationresearch.com,com,905014,440778,240,287,90
914016,914017,445396,gouverneur.com,com,239,253,gouverneur.com,com,922530,449382,237,256,91
917087,917088,446760,ambiencehealthcare.com,com,238,267,ambiencehealthcare.com,com,906195,441342,240,270,91
915843,915844,446188,jimcofer.com,com,238,285,jimcofer.com,com,894858,435823,242,294,91
910465,910466,443624,wa3key.com,com,239,296,wa3key.com,com,924235,450211,236,296,91
910721,910722,71278,eseb.org,org,239,291,eseb.org,org,885189,69384,244,292,91
918548,918549,447553,eagleus.com,com,238,257,eagleus.com,com,952294,463841,231,255,91
914372,914373,5491,bya6a20.top,top,238,885,bya6a20.top,top,913510,5577,238,889,91
913672,913673,445201,eriwen.com,com,239,257,eriwen.com,com,883337,430045,245,259,91
913690,913691,445219,pulsecms.com,com,239,257,pulsecms.com,com,932867,454507,235,250,91
918202,918203,447393,nolvadexsrm.com,com,238,260,nolvadexsrm.com,com,921990,449125,237,260,91
928354,928355,452168,downtowncalgary.com,com,236,258,downtowncalgary.com,com,795341,387019,265,287,92
926320,926321,451123,rmconsortium.com,com,236,276,rmconsortium.com,com,915409,445867,238,278,92
926897,926898,451380,breakitdownblog.com,com,236,268,breakitdownblog.com,com,935782,455806,234,265,92
924765,924766,450463,coresmart-equipment.com,com,236,565,coresmart-equipment.com,com,943802,459706,232,553,92
924158,924159,30671,carsnow.net,net,237,250,carsnow.net,net,928004,30758,236,250,92
928623,928624,452304,chloride.com,com,236,256,chloride.com,com,902740,439668,241,260,92
921917,921918,449050,aashvicorporation.com,com,237,268,aashvicorporation.com,com,930778,453362,235,266,92
926205,926206,72523,healutah.org,org,236,279,healutah.org,org,930011,72835,235,277,92
926954,926955,30761,mech-bud.net,net,236,268,mech-bud.net,net,920703,30489,237,270,92
925643,925644,450827,1004cz.com,com,236,290,1004cz.com,com,939443,457614,233,288,92
939381,939382,457483,wazzup24.com,com,234,252,wazzup24.com,com,942938,459368,233,249,93
932558,932559,454139,pcroofingservice.com,com,235,264,pcroofingservice.com,com,945998,460779,232,263,93
930215,930216,453042,njjml88.com,com,235,390,njjml88.com,com,923807,450023,236,388,93
930601,930602,1099,wackywoo.site,site,235,299,wackywoo.site,site,914440,1085,238,300,93
939890,939891,457718,transgo.com,com,234,246,transgo.com,com,948342,462001,232,245,93
933972,933973,73073,varyingvagrantvagrants.org,org,235,255,varyingvagrantvagrants.org,org,-1,-1,-1,-1,93
939700,939701,31234,whatdoestheinternetthink.net,net,234,249,whatdoestheinternetthink.net,net,987186,32821,225,240,93
930822,930823,72813,wicomicorecandparks.org,org,235,291,wicomicorecandparks.org,org,944292,73824,232,294,93
938838,938839,457230,play-dune.com,com,234,256,play-dune.com,com,932334,454211,235,255,93
935559,935560,455662,mamorae.com,com,234,336,mamorae.com,com,904128,440413,240,342,93
946802,946803,460945,blockvalue.com,com,232,279,blockvalue.com,com,939786,457770,233,281,94
940257,940258,6869,jupalue.top,top,233,693,jupalue.top,top,948817,6993,231,706,94
941227,941228,458304,corbetnaturecraft.com,com,233,288,corbetnaturecraft.com,com,929345,452698,235,291,94
947868,947869,461444,shinecomponents.com,com,232,263,shinecomponents.com,com,916272,446306,238,268,94
944146,944147,73816,america250pa.org,org,233,255,america250pa.org,org,974680,76157,227,250,94
947334,947335,461167,airbnbforwork.com,com,232,269,airbnbforwork.com,com,920384,448282,237,274,94
947836,947837,461412,drrajivparekhappointment.com,com,232,263,drrajivparekhappointment.com,com,951381,463348,231,261,94
942983,942984,73743,mindinthemaking.org,org,233,262,mindinthemaking.org,org,967801,75672,228,258,94
948137,948138,461589,ghlearning.com,com,232,261,ghlearning.com,com,926686,451408,236,261,94
942481,942482,777,ai-sexting.pro,pro,233,266,ai-sexting.pro,pro,950866,784,231,266,94
953283,953284,4620,thecuriousreader.in,in,231,260,thecuriousreader.in,in,978890,4737,226,258,95
953617,953618,464339,nhsaves.com,com,231,258,nhsaves.com,com,941122,458439,233,263,95
952540,952541,31701,tourettesyndrome.net,net,231,267,tourettesyndrome.net,net,989908,32904,224,264,95
959843,959844,467502,ngcareers.com,com,230,251,ngcareers.com,com,991147,482156,224,253,95
954621,954622,74631,ubuntu-fi.org,org,231,252,ubuntu-fi.org,org,953164,74563,231,249,95
959985,959986,467573,port-of-charleston.com,com,230,250,port-of-charleston.com,com,963760,469292,229,248,95
953243,953244,464140,promo-mostbet-fr.com,com,231,260,promo-mostbet-fr.com,com,962404,468614,229,257,95
956185,956186,465737,gms971.com,com,230,333,gms971.com,com,944027,459848,232,334,95
953854,953855,541,jams.to,to,231,257,jams.to,to,936499,534,234,261,95
957300,957301,466163,planreforma.com,com,230,274,planreforma.com,com,935140,455512,234,273,95
961117,961118,7375,k7ssctw.top,top,229,738,k7ssctw.top,top,953933,7142,230,745,96
962167,962168,11,registre.quebec,quebec,229,283,registre.quebec,quebec,971957,11,227,281,96
969025,969026,4965,prenuptialagreements.info,info,228,260,prenuptialagreements.info,info,979482,5053,226,255,96
960246,960247,467690,get-itsolutions.com,com,230,248,get-itsolutions.com,com,969801,472141,228,244,96
962392,962393,4915,hiraboku.info,info,229,278,hiraboku.info,info,960775,4919,229,276,96
963624,963625,469226,saczoo.com,com,229,259,saczoo.com,com,978769,476124,226,259,96
965712,965713,87,finasteride.directory,directory,229,246,finasteride.directory,directory,958555,85,230,247,96
967492,967493,75576,westkingdom.org,org,228,289,westkingdom.org,org,949602,74237,231,292,96
963134,963135,156,lunar.vc,vc,229,265,lunar.vc,vc,984073,162,225,265,96
967497,967498,471137,atamaii.com,com,228,288,atamaii.com,com,971776,472882,227,285,96
975868,975869,475069,thecosmosartistry.com,com,227,253,thecosmosartistry.com,com,985738,479613,225,251,97
978659,978660,476231,yowinpipes.com,com,226,567,yowinpipes.com,com,943788,459693,232,569,97
978395,978396,8751,yipo678.top,top,226,733,yipo678.top,top,964961,7896,228,740,97
970603,970604,472660,acspdx.com,com,228,250,acspdx.com,com,980140,476902,226,250,97
973064,973065,473728,mylfdom.com,com,227,302,mylfdom.com,com,960043,467499,229,301,97
978593,978594,8949,zkzzh56.top,top,226,722,zkzzh56.top,top,970978,8613,227,729,97
979694,979695,76482,smart2020.org,org,226,277,smart2020.org,org,924836,72423,236,283,97
970724,970725,75891,oceancity.org,org,228,250,oceancity.org,org,947405,74110,232,254,97
972345,972346,8201,moquedan.top,top,227,733,moquedan.top,top,964928,7863,228,741,97
978388,978389,8744,ssctb25.top,top,226,733,ssctb25.top,top,970757,8392,227,740,97
987707,987708,77059,jordanville.org,org,225,252,jordanville.org,org,-1,-1,-1,-1,98
986911,986912,480219,littlegiraffes.com,com,225,255,littlegiraffes.com,com,985181,479288,225,254,98
982915,982916,76728,thepublicschool.org,org,226,246,thepublicschool.org,org,998855,77908,223,241,98
987574,987575,480617,happyvalleylandscapepros.com,com,225,252,happyvalleylandscapepros.com,com,996946,484943,223,252,98
982115,982116,478065,waterdamage-oshkosh.com,com,226,251,waterdamage-oshkosh.com,com,991559,482429,224,251,98
987777,987778,480718,aussiewritings.com,com,225,251,aussiewritings.com,com,979878,476765,226,252,98
981462,981463,477638,safeboardroom.com,com,226,254,safeboardroom.com,com,973589,473774,227,257,98
986936,986937,480244,tachali.com,com,225,255,tachali.com,com,985233,479340,225,254,98
983551,983552,478777,gateofmemories.com,com,226,240,gateofmemories.com,com,-1,-1,-1,-1,98
984894,984895,479337,s10b.com,com,225,321,s10b.com,com,959921,467457,229,327,98
997552,997553,485638,muratraf.com,com,223,267,muratraf.com,com,995614,484254,223,266,99
997950,997951,485810,familysponge.com,com,223,260,familysponge.com,com,-1,-1,-1,-1,99
995464,995465,484661,treasurebay.com,com,224,238,treasurebay.com,com,-1,-1,-1,-1,99
996168,996169,484992,guocailawagency.com,com,223,520,guocailawagency.com,com,-1,-1,-1,-1,99
990237,990238,9447,zaijiehou.top,top,224,730,zaijiehou.top,top,976528,8942,226,737,99
997618,997619,485668,sheffieldforgemasters.com,com,223,266,sheffieldforgemasters.com,com,-1,-1,-1,-1,99
991734,991735,482665,moxyhotels.com,com,224,268,moxyhotels.com,com,950359,462855,231,274,99
997757,997758,490,warga123.club,club,223,263,warga123.club,club,-1,-1,-1,-1,99
996089,996090,484946,nnxwheelstz.com,com,223,613,nnxwheelstz.com,com,971020,472496,227,612,99
998478,998479,486067,zymox.com,com,223,254,zymox.com,com,997552,485328,223,249,99
